aX,aY,aZ,gX,gY,gZ
-0.888,1.000,-0.627,-3.845,-86.487,65.430
-0.845,1.010,-0.635,-7.690,-94.299,72.754
-0.726,1.034,-0.674,-10.132,-122.070,80.688
-0.679,1.050,-0.688,-11.414,-135.925,77.637
-0.643,1.085,-0.717,-11.841,-166.992,75.439
-0.606,1.091,-0.666,-15.137,-187.561,72.083
-0.527,1.111,-0.658,-12.939,-229.675,68.848
-0.469,1.135,-0.698,-12.695,-237.061,74.097
-0.212,1.221,-0.863,-18.738,-220.032,98.694
-0.021,1.234,-0.959,-27.710,-205.933,112.671
0.348,1.326,-0.967,-55.054,-177.856,129.272
0.510,1.309,-0.854,-68.237,-171.631,129.639
0.682,1.390,-0.637,-84.351,-167.969,118.835
0.743,1.443,-0.610,-85.327,-164.917,113.037
0.858,1.571,-0.691,-91.736,-164.490,100.952
0.975,1.602,-0.771,-95.886,-161.804,99.365
1.226,1.749,-0.975,-114.197,-125.732,104.492
1.335,1.820,-1.051,-126.587,-98.389,108.459
1.723,1.769,-1.025,-160.278,-40.588,113.342
1.866,1.738,-0.913,-178.894,-17.029,104.980
1.830,1.641,-0.778,-198.853,10.864,67.139
1.708,1.551,-0.643,-206.787,16.418,43.884
1.423,1.359,-0.407,-214.111,15.259,3.540
1.247,1.284,-0.323,-213.257,16.479,-12.268
1.080,1.200,-0.262,-206.360,5.371,-37.170
0.895,1.061,-0.073,-199.707,-3.052,-44.800
0.863,0.990,-0.019,-191.589,-12.939,-53.101
0.867,0.861,0.001,-170.105,-38.818,-69.946
0.846,0.800,-0.017,-159.241,-51.208,-79.651
0.793,0.745,-0.073,-140.259,-60.364,-89.661
0.787,0.750,-0.138,-131.042,-56.152,-89.478
0.586,0.763,-0.318,-125.671,-33.142,-84.290
0.427,0.797,-0.361,-129.822,-10.437,-74.158
0.354,0.723,-0.319,-144.714,44.250,-40.161
0.378,0.686,-0.246,-149.475,67.932,-24.902
0.449,0.593,-0.071,-154.663,105.652,-1.892
0.494,0.555,0.007,-152.588,120.056,5.920
0.531,0.522,0.113,-140.076,133.972,8.484
0.555,0.478,0.201,-131.531,138.489,7.812
0.520,0.402,0.291,-111.206,142.334,3.662
0.484,0.378,0.365,-97.595,141.357,0.793
0.463,0.343,0.402,-71.594,134.766,-8.789
0.497,0.325,0.352,-57.800,128.296,-14.038
0.540,0.289,0.337,-44.067,117.920,-22.705
0.419,0.231,0.207,-16.724,100.403,-42.358
0.289,0.232,0.092,-6.165,109.253,-43.518
0.314,0.281,-0.175,-6.653,149.841,-21.912
0.304,0.268,-0.201,-9.949,164.612,-16.724
0.249,0.208,-0.129,-17.151,194.031,-10.193
0.180,0.156,-0.051,-17.700,207.703,-7.690
0.031,0.099,0.077,-11.536,222.595,-2.502
0.001,0.095,0.126,-5.615,224.854,3.418
0.025,0.100,0.146,1.892,225.403,7.141
0.093,0.120,0.167,13.000,203.613,8.118
0.146,0.116,0.214,20.386,190.613,5.737
0.174,0.126,0.202,31.982,182.739,0.183
0.123,0.193,0.074,47.302,173.462,-12.024
0.049,0.210,0.027,49.866,174.072,-14.465
-0.112,0.192,0.022,43.396,175.537,-15.503
-0.172,0.159,0.046,42.419,175.720,-13.306
-0.261,0.131,0.047,46.814,175.598,-8.667
-0.309,0.137,-0.005,51.331,173.523,-5.554
-0.359,0.163,-0.009,54.565,171.509,-0.854
-0.251,0.244,-0.054,63.232,174.927,18.799
-0.156,0.289,-0.111,65.369,174.011,26.428
-0.076,0.388,-0.198,63.293,168.457,34.668
-0.083,0.408,-0.215,62.561,161.560,35.217
-0.111,0.446,-0.156,57.129,147.522,37.354
-0.091,0.469,-0.104,56.824,147.217,41.931
-0.044,0.438,-0.098,60.852,141.479,41.138
-0.012,0.355,-0.011,66.650,127.319,34.424
-0.017,0.325,0.032,90.088,102.539,16.602
-0.252,0.413,-0.185,100.647,91.614,10.193
-0.267,0.448,-0.292,105.652,81.482,10.193
-0.229,0.538,-0.509,110.046,79.346,20.142
-0.230,0.604,-0.597,108.643,87.402,26.978
-0.272,0.645,-0.711,97.229,94.849,37.354
-0.307,0.695,-0.730,90.942,95.886,39.124
-0.476,0.728,-0.617,74.890,90.393,43.152
-0.572,0.708,-0.547,70.435,86.182,47.913
-0.643,0.699,-0.501,67.078,79.468,52.673
-0.628,0.662,-0.412,65.430,50.842,65.002
-0.502,0.627,-0.396,70.679,33.508,71.228
-0.320,0.832,-0.639,84.717,9.644,72.205
-0.250,0.910,-0.718,85.571,-1.587,70.190
-0.035,0.961,-0.757,81.177,-10.132,69.275
0.008,1.041,-0.834,81.116,-2.686,67.444
-0.044,1.117,-0.873,78.308,0.244,61.462
-0.349,1.129,-0.797,64.575,-8.972,48.523
-0.487,1.068,-0.687,59.937,-18.677,46.692
-0.646,0.974,-0.585,67.871,-29.846,50.598
-0.753,0.987,-0.656,75.867,-39.001,52.002
-0.831,0.974,-0.686,81.909,-70.251,57.678
-0.830,0.981,-0.760,84.412,-81.482,65.125
-0.767,1.105,-0.861,84.595,-86.121,95.703
-0.185,1.255,-1.005,80.444,-80.139,111.938
0.027,1.411,-1.055,74.585,-68.970,120.056
0.427,1.608,-1.130,48.035,-63.049,115.784
0.479,1.615,-1.005,33.264,-64.575,104.187
0.408,1.523,-0.743,15.625,-57.800,81.970
0.305,1.512,-0.670,10.742,-59.875,69.336
0.021,1.386,-0.499,8.301,-76.599,48.584
-0.072,1.329,-0.455,10.376,-87.463,42.664
-0.163,1.323,-0.520,18.860,-108.459,32.410
-0.322,1.361,-0.749,18.433,-116.516,30.884
-0.390,1.337,-0.786,14.343,-123.657,32.349
-0.419,1.320,-0.779,5.127,-122.192,47.424
-0.425,1.306,-0.751,2.747,-119.812,58.228
-0.267,1.249,-0.635,-4.578,-123.108,74.036
-0.156,1.275,-0.587,-4.517,-128.357,77.515
0.013,1.235,-0.564,-6.226,-134.338,81.909
0.094,1.248,-0.579,-8.484,-133.484,83.923
0.244,1.199,-0.537,-12.024,-137.329,80.811
0.279,1.167,-0.481,-12.329,-144.775,73.914
0.137,1.156,-0.508,-7.141,-154.358,60.852
0.106,1.140,-0.532,-6.958,-156.433,60.059
0.047,1.121,-0.593,-5.615,-161.438,64.941
0.009,1.111,-0.579,-5.554,-164.917,70.435
0.020,1.175,-0.642,-8.789,-157.654,100.220

0.787,1.254,-0.623,-19.958,-127.014,142.883
1.189,1.313,-0.707,-26.550,-107.300,151.672
1.698,1.339,-0.766,-44.373,-87.646,122.803
1.658,1.320,-0.659,-57.861,-90.332,90.027
1.221,1.219,-0.338,-73.303,-97.107,37.354
0.976,1.196,-0.290,-73.669,-94.238,22.705
0.801,1.153,-0.270,-73.853,-90.515,18.921
0.639,1.073,-0.303,-73.792,-77.148,24.780
0.596,1.060,-0.329,-72.876,-69.336,30.090
0.591,1.012,-0.410,-72.937,-69.214,28.503
0.576,1.023,-0.378,-72.632,-71.655,26.001
0.590,1.027,-0.347,-73.486,-71.594,24.231
0.643,1.051,-0.343,-73.425,-70.251,24.597
0.708,1.121,-0.332,-74.158,-63.354,21.423
0.702,1.168,-0.358,-73.669,-60.303,18.372
0.660,1.209,-0.429,-78.247,-57.556,12.085
0.661,1.236,-0.472,-80.811,-55.664,11.108
0.682,1.241,-0.495,-83.862,-54.016,7.690
0.630,1.235,-0.603,-87.830,-47.180,4.395
0.565,1.249,-0.642,-93.201,-44.617,0.977
0.450,1.234,-0.657,-105.103,-32.410,0.854
0.383,1.226,-0.623,-112.854,-25.146,2.441
0.312,1.208,-0.445,-125.732,-14.771,9.766
0.311,1.207,-0.373,-128.174,-10.742,14.343
0.354,1.226,-0.302,-128.357,-8.240,16.724
0.411,1.234,-0.305,-128.967,-9.644,16.724
0.496,1.254,-0.321,-126.221,-7.019,16.479
0.661,1.303,-0.408,-124.512,-4.822,14.954
0.710,1.296,-0.431,-126.221,-3.174,11.902
0.802,1.300,-0.470,-130.066,-1.343,2.258
0.839,1.305,-0.522,-130.798,-4.028,-7.202
0.726,1.251,-0.494,-141.418,-16.357,-32.227
0.557,1.228,-0.447,-142.883,-17.761,-40.955
0.285,1.134,-0.356,-148.315,-24.231,-47.119
0.218,1.089,-0.320,-145.752,-27.100,-44.678
0.308,1.039,-0.278,-143.982,-26.917,-31.128
0.402,1.018,-0.281,-141.052,-23.437,-22.644
0.580,0.971,-0.233,-137.634,-19.897,-15.869
0.673,0.938,-0.179,-133.545,-17.517,-13.794
0.845,0.908,-0.153,-123.596,-10.742,-13.184
0.888,0.942,-0.210,-118.286,-7.629,-18.127
0.925,0.900,-0.207,-117.798,-18.005,-41.138
0.850,0.858,-0.092,-119.507,-31.067,-56.824
0.700,0.819,0.029,-110.107,-36.682,-68.298
0.641,0.806,0.050,-104.004,-38.513,-69.641
0.671,0.785,0.027,-90.881,-28.198,-60.181
0.732,0.809,-0.046,-86.121,-18.616,-55.664
0.796,0.772,-0.112,-83.496,0.671,-49.255
0.802,0.765,-0.140,-83.801,12.573,-47.424
0.744,0.714,-0.144,-86.609,41.809,-41.138
0.711,0.690,-0.141,-88.745,57.434,-36.194
0.694,0.669,-0.136,-94.910,89.417,-26.978
0.695,0.573,-0.036,-99.060,99.243,-26.550
0.693,0.546,0.021,-98.328,107.666,-25.757
0.649,0.487,0.083,-95.154,122.742,-28.564
0.592,0.454,0.114,-91.980,125.793,-31.494
0.568,0.397,0.170,-84.290,133.728,-31.433
0.591,0.394,0.156,-76.904,139.099,-30.823
0.511,0.363,0.095,-64.209,149.292,-34.241
0.485,0.356,0.068,-58.716,154.480,-33.569
0.482,0.302,0.037,-57.190,161.133,-35.034
0.458,0.306,0.031,-53.955,169.373,-35.339
0.423,0.271,0.024,-50.964,186.462,-35.400
0.297,0.213,0.064,-47.729,192.261,-36.072
0.227,0.169,0.097,-44.556,195.801,-36.865
0.020,0.066,0.181,-31.372,201.965,-37.537
-0.081,0.046,0.202,-23.193,205.139,-34.424
-0.291,-0.023,0.283,-6.409,200.500,-30.212
-0.379,0.008,0.222,4.883,203.064,-22.400
-0.422,0.087,0.313,13.306,198.669,-2.075
-0.294,0.082,0.182,31.006,202.026,13.062
-0.201,0.183,0.079,30.762,200.439,21.729
-0.216,0.129,0.073,36.011,196.045,25.879
-0.197,0.186,0.027,36.621,193.115,26.733
-0.327,0.198,0.087,37.537,172.913,23.743
-0.391,0.224,0.056,44.006,166.565,28.442
-0.386,0.267,-0.008,45.898,153.748,39.490
-0.335,0.323,-0.055,44.861,146.118,43.152
-0.294,0.363,-0.088,45.898,126.221,46.204
-0.243,0.334,-0.024,43.945,115.356,46.814
-0.183,0.351,-0.014,47.668,114.868,52.551
-0.125,0.406,-0.147,59.998,114.014,56.396
-0.133,0.406,-0.190,62.439,105.225,54.565
-0.145,0.410,-0.179,73.792,91.003,51.392
-0.181,0.454,-0.223,80.139,86.182,49.500
-0.311,0.500,-0.347,87.158,71.472,43.640
-0.363,0.506,-0.365,86.304,62.317,41.748
-0.546,0.572,-0.364,86.731,51.941,47.241
-0.565,0.644,-0.396,84.045,52.307,57.495
-0.505,0.701,-0.452,80.566,53.833,70.618
-0.317,0.758,-0.463,67.688,50.659,88.623
-0.230,0.779,-0.439,62.317,48.584,96.558
-0.032,0.698,-0.250,56.152,40.955,103.455
0.078,0.666,-0.212,59.814,43.457,105.286
0.169,0.727,-0.349,67.688,41.016,92.285
0.134,0.724,-0.340,68.298,26.794,77.576
0.033,0.663,-0.263,67.200,8.057,59.387
-0.306,0.777,-0.221,83.069,-20.325,37.476
-0.431,0.856,-0.266,91.431,-29.236,37.231
-0.389,1.034,-0.378,97.839,-35.706,59.387
-0.204,1.117,-0.430,100.281,-32.593,75.623
0.169,1.239,-0.549,99.182,-21.301,96.497
0.321,1.254,-0.576,94.177,-16.541,98.572
0.394,1.304,-0.593,90.637,-9.644,95.581
0.401,1.229,-0.530,83.679,-13.855,73.853
0.357,1.210,-0.583,82.031,-19.409,59.753
0.208,1.093,-0.504,78.247,-43.945,28.503
0.088,1.022,-0.460,79.041,-56.030,14.771
-0.089,0.960,-0.420,86.975,-75.073,-4.150
-0.438,0.910,-0.450,93.201,-83.984,-7.507
-0.576,0.986,-0.499,97.229,-91.309,-3.601
-0.432,1.176,-0.747,103.149,-82.031,36.987
-0.097,1.335,-0.983,101.257,-62.317,62.927
0.420,1.497,-1.135,78.979,-44.678,74.036
0.479,1.492,-1.069,64.819,-48.462,59.082
0.279,1.385,-0.745,42.542,-60.120,28.259
0.141,1.348,-0.637,40.344,-64.209,18.066
-0.111,1.292,-0.614,41.565,-76.538,5.249
-0.219,1.294,-0.638,43.274,-83.069,2.197

-0.524,1.260,-0.738,40.771,-104.004,1.404
-0.545,1.282,-0.846,38.696,-104.004,7.874
-0.618,1.278,-0.903,25.940,-103.394,25.757
-0.750,1.318,-0.842,19.714,-100.281,37.903
-0.700,1.347,-0.849,14.099,-102.478,49.561
-0.539,1.295,-0.715,2.686,-118.408,69.214
-0.459,1.261,-0.660,-1.099,-123.230,75.195
-0.275,1.223,-0.646,-5.310,-140.869,82.336
-0.218,1.220,-0.633,-5.005,-152.466,80.627
-0.120,1.181,-0.670,-3.723,-173.462,75.012
-0.114,1.178,-0.685,-2.747,-177.917,72.876
-0.131,1.200,-0.804,-3.418,-193.665,68.054
-0.167,1.206,-0.794,-6.958,-202.087,66.956
-0.131,1.336,-0.912,-13.550,-210.327,79.468
0.028,1.375,-0.938,-22.034,-207.581,93.933
0.581,1.452,-1.050,-41.443,-189.941,118.225
0.851,1.460,-1.051,-53.223,-182.129,116.760
0.992,1.470,-0.896,-76.355,-185.242,84.839
0.799,1.401,-0.706,-81.909,-191.162,64.880
0.581,1.322,-0.569,-83.618,-191.406,44.189
0.511,1.281,-0.565,-81.604,-190.125,39.978
0.392,1.302,-0.729,-78.308,-185.303,34.912
0.332,1.289,-0.757,-82.764,-188.782,31.067
0.294,1.298,-0.755,-89.478,-188.721,34.363
0.295,1.328,-0.796,-93.506,-185.120,38.147
0.398,1.406,-0.823,-107.361,-179.199,49.866
0.553,1.391,-0.759,-117.310,-170.471,58.167
0.825,1.373,-0.678,-127.991,-150.330,63.599
0.855,1.444,-0.674,-132.507,-147.400,57.739
0.980,1.398,-0.573,-140.564,-140.442,53.162
1.010,1.465,-0.619,-141.541,-128.601,51.270
1.038,1.477,-0.698,-147.583,-110.291,50.720
1.054,1.501,-0.762,-151.794,-93.018,53.284
1.176,1.471,-0.742,-170.105,-62.317,54.749
1.203,1.407,-0.680,-178.101,-48.950,50.659
1.136,1.283,-0.526,-187.256,-30.457,31.616
1.029,1.230,-0.435,-187.866,-25.330,20.935
0.791,1.174,-0.327,-183.777,-15.442,4.578
0.701,1.140,-0.308,-181.213,-17.090,-2.441
0.667,1.093,-0.275,-170.044,-10.254,-4.944
0.688,1.077,-0.329,-166.138,-11.719,-6.592
0.695,1.037,-0.335,-158.081,-12.939,-12.451
0.695,1.007,-0.336,-153.503,-12.939,-13.672
0.722,0.999,-0.348,-148.865,-0.488,-13.855
0.720,0.928,-0.316,-148.010,-0.610,-16.663
0.729,0.890,-0.268,-145.264,0.366,-22.034
0.587,0.903,-0.155,-138.306,-1.953,-34.241
0.527,0.883,-0.143,-128.601,8.362,-34.912
0.429,0.820,-0.095,-125.183,4.822,-31.677
0.397,0.840,-0.098,-120.972,3.052,-29.724
0.465,0.797,-0.093,-116.272,-1.038,-25.269
0.497,0.771,-0.021,-110.901,0.610,-23.010
0.552,0.782,-0.040,-98.755,17.334,-13.855
0.581,0.802,-0.029,-94.360,27.771,-8.118
0.646,0.769,-0.035,-85.449,49.011,0.122
0.674,0.745,-0.023,-83.496,60.425,2.319
0.690,0.716,-0.011,-80.505,69.153,0.549
0.452,0.682,0.051,-77.393,78.491,-6.470
0.339,0.657,0.130,-74.707,81.177,-5.493
0.297,0.641,0.146,-64.758,93.750,11.658
0.427,0.649,0.071,-58.411,103.577,21.301
0.560,0.659,-0.016,-53.833,109.985,24.902
0.782,0.662,-0.125,-49.927,114.624,17.578
0.864,0.641,-0.159,-49.072,114.807,7.507
0.913,0.545,-0.107,-48.950,103.149,-25.391
0.781,0.532,-0.066,-46.570,90.637,-47.974
0.411,0.463,-0.014,-36.194,71.533,-77.698
0.264,0.476,-0.038,-30.273,70.496,-79.285
0.049,0.485,-0.165,-23.560,86.365,-66.406
0.032,0.457,-0.200,-24.780,102.905,-52.490
0.053,0.416,-0.180,-27.222,138.062,-26.855
-0.021,0.349,-0.094,-26.672,150.879,-17.822
-0.034,0.334,-0.121,-24.902,177.063,1.526
0.229,0.365,-0.324,-30.029,181.763,5.249
0.257,0.332,-0.269,-36.621,179.382,-2.075
0.008,0.248,-0.072,-42.725,186.401,-12.207
-0.094,0.232,0.021,-43.701,192.566,-7.568
-0.128,0.215,0.145,-37.415,201.294,6.958
-0.070,0.199,0.211,-32.593,200.806,12.817
-0.015,0.185,0.300,-13.794,192.200,16.663
-0.019,0.238,0.282,-2.563,186.951,15.503
0.004,0.247,0.241,9.949,172.974,14.282
0.028,0.269,0.255,14.099,166.809,14.587
0.054,0.254,0.216,18.494,163.025,13.489
0.027,0.287,0.189,25.391,153.625,5.676
-0.070,0.276,0.219,28.381,144.775,0.183
-0.122,0.280,0.235,33.508,137.390,-2.991
-0.265,0.345,0.224,45.593,116.028,-9.766
-0.327,0.389,0.213,49.805,109.131,-9.155
-0.328,0.399,0.184,54.565,96.497,-3.052
-0.291,0.406,0.177,58.350,93.445,1.465
-0.232,0.415,0.150,67.078,97.534,14.526
-0.004,0.468,-0.001,68.481,96.008,16.052
0.056,0.451,-0.053,69.763,88.989,13.916
0.046,0.475,-0.113,75.928,73.792,1.526
-0.022,0.540,-0.115,77.881,68.420,-3.052
-0.222,0.651,-0.142,79.590,60.486,-6.897
-0.327,0.732,-0.182,77.698,60.913,-3.296
-0.356,0.737,-0.218,73.364,63.843,5.615
-0.394,0.849,-0.285,63.660,81.909,29.663
-0.380,0.842,-0.249,56.213,91.309,42.603
-0.213,0.793,-0.187,48.828,104.675,65.430
-0.100,0.737,-0.146,49.561,107.117,71.533
0.047,0.761,-0.249,59.937,103.577,69.336
0.101,0.809,-0.342,62.744,94.299,61.096
0.142,0.798,-0.368,62.012,79.895,49.011
-0.010,0.864,-0.326,62.073,62.073,25.330
-0.185,0.869,-0.312,59.998,60.791,20.325
-0.370,0.836,-0.169,57.495,62.256,27.649
-0.412,0.837,-0.124,58.899,63.049,33.936
-0.451,0.850,-0.108,61.218,63.843,40.222
-0.346,0.847,-0.121,63.721,60.608,54.688
-0.304,0.854,-0.141,65.796,56.335,60.852
-0.102,0.860,-0.260,72.632,41.443,66.345
0.044,0.860,-0.357,74.585,32.471,64.148
0.195,0.813,-0.394,80.994,16.724,45.471
0.209,0.802,-0.411,84.167,11.169,32.532
0.096,0.781,-0.447,89.844,10.864,15.991
-0.322,0.769,-0.413,95.032,-7.751,-13.428

-0.780,1.184,-0.675,82.336,-79.773,41.443
-0.465,1.263,-0.889,79.224,-63.904,70.862
-0.218,1.214,-0.919,57.922,-36.987,107.422
0.230,1.344,-0.905,42.664,-24.109,113.525
0.341,1.303,-0.778,33.325,-26.917,103.271
0.325,1.204,-0.552,22.095,-39.673,73.486
0.221,1.192,-0.500,24.048,-44.678,62.805
0.068,1.133,-0.474,29.480,-57.373,47.302
0.020,1.075,-0.455,33.203,-67.993,38.452
-0.146,1.048,-0.486,39.856,-91.370,26.672
-0.264,1.106,-0.503,41.809,-98.816,26.855
-0.285,1.174,-0.543,41.382,-102.661,47.546
-0.039,1.306,-0.759,37.048,-94.849,64.270
0.093,1.369,-0.821,28.992,-81.360,84.106
0.405,1.307,-0.825,3.479,-51.270,108.948
0.495,1.315,-0.826,-6.104,-47.852,106.079
0.483,1.202,-0.581,-26.306,-50.110,87.708
0.433,1.167,-0.508,-25.635,-54.138,78.247
0.326,1.098,-0.419,-23.743,-67.200,65.247
0.309,1.088,-0.426,-19.836,-76.111,58.838
0.246,1.099,-0.506,-13.367,-92.957,47.729
0.208,1.269,-0.617,-11.414,-96.008,44.495
0.157,1.051,-0.600,-15.320,-100.647,42.908
0.266,1.108,-0.680,-13.916,-91.614,46.204
0.352,1.196,-0.789,-19.165,-89.661,47.668
0.266,1.214,-0.840,-32.227,-83.069,42.236
0.247,1.210,-0.809,-41.626,-80.811,41.565
0.160,1.127,-0.637,-56.763,-77.637,42.786
0.172,1.093,-0.567,-59.326,-79.651,42.664
0.153,1.061,-0.510,-57.434,-95.032,35.095
0.163,1.051,-0.477,-56.030,-104.187,30.457
0.161,1.080,-0.535,-50.659,-121.948,17.090
0.171,1.089,-0.560,-48.950,-131.287,12.878
0.206,1.190,-0.692,-48.950,-141.541,9.705
0.230,1.248,-0.744,-50.659,-138.855,10.071
0.275,1.299,-0.761,-58.655,-134.155,10.315
0.241,1.327,-0.750,-64.636,-130.554,11.902
0.241,1.379,-0.771,-69.702,-126.160,13.184
0.179,1.369,-0.720,-82.031,-124.084,13.000
0.155,1.337,-0.657,-87.036,-125.916,12.024
0.093,1.351,-0.621,-87.952,-135.376,8.423
0.087,1.408,-0.629,-85.571,-144.409,5.371
0.093,1.453,-0.693,-81.543,-167.908,-4.272
0.027,1.535,-0.794,-78.613,-169.556,-4.761
-0.042,1.665,-1.082,-87.463,-154.114,17.090
0.005,1.739,-1.194,-101.013,-138.367,36.499
0.235,1.707,-1.281,-136.230,-105.469,71.350
0.347,1.630,-1.214,-155.701,-95.703,78.979
0.458,1.508,-1.008,-184.143,-92.773,75.623
0.464,1.445,-0.953,-193.970,-94.788,70.801
0.416,1.359,-0.806,-208.496,-92.773,69.824
0.497,1.315,-0.742,-213.928,-84.839,75.989
0.735,1.211,-0.640,-220.093,-66.406,84.229
0.805,1.155,-0.565,-223.145,-61.157,80.627
0.815,1.100,-0.401,-222.473,-51.331,74.402
0.853,1.057,-0.330,-221.130,-42.358,74.707
0.977,0.997,-0.278,-215.637,-22.705,77.637
1.023,0.942,-0.249,-212.891,-13.306,76.111
1.149,0.858,-0.233,-209.473,1.160,66.467
1.212,0.837,-0.201,-206.604,6.470,56.946
1.192,0.763,-0.129,-204.529,7.812,43.518
1.111,0.646,0.086,-197.571,10.559,19.409
1.101,0.630,0.148,-189.514,9.521,7.996
0.965,0.573,0.259,-166.016,0.671,-13.550
0.958,0.557,0.293,-154.419,-0.061,-17.700
0.956,0.558,0.262,-128.723,-4.333,-28.503
0.881,0.562,0.258,-118.652,-6.897,-34.119
0.851,0.573,0.201,-108.521,-6.775,-38.391
0.672,0.677,-0.020,-97.900,15.625,-31.494
0.582,0.691,-0.103,-101.563,39.917,-19.165
0.555,0.621,-0.007,-113.281,92.407,14.648
0.573,0.572,0.076,-116.455,113.342,27.039
0.456,0.505,0.289,-109.558,135.376,42.358
0.479,0.456,0.376,-101.563,138.977,48.462
0.570,0.384,0.494,-79.895,133.789,51.697
0.640,0.383,0.514,-63.599,129.456,50.415
0.697,0.371,0.487,-31.555,111.084,38.391
0.731,0.428,0.384,-17.273,101.013,29.968
0.812,0.482,0.257,-5.310,90.271,20.264
0.965,0.486,0.065,8.423,67.444,-7.812
0.972,0.543,-0.051,10.315,61.646,-25.024
0.902,0.567,-0.160,3.235,64.514,-52.673
0.685,0.564,-0.233,-2.930,77.454,-51.636
0.486,0.582,-0.286,-10.498,105.591,-47.546
0.322,0.541,-0.277,-24.475,155.457,-22.034
0.274,0.473,-0.177,-30.029,170.471,-11.414
0.262,0.294,0.068,-28.381,187.134,2.502
0.246,0.214,0.147,-21.057,190.552,3.296
0.112,0.134,0.275,2.319,167.480,-5.066
0.072,0.105,0.300,17.029,150.269,-10.315
0.087,0.135,0.223,30.884,132.690,-15.503
0.043,0.243,0.050,50.171,106.995,-25.391
0.018,0.282,0.009,54.321,98.328,-25.696
0.103,0.374,-0.122,60.120,105.164,-14.771
0.130,0.457,-0.208,60.059,110.413,-9.766
0.144,0.484,-0.233,49.744,116.028,-5.127
0.237,0.518,-0.241,42.175,119.324,-5.920
0.240,0.508,-0.219,37.781,120.422,-8.789
0.126,0.462,-0.159,30.518,116.882,-19.470
0.024,0.416,-0.081,28.809,114.746,-21.606
-0.198,0.391,0.030,30.701,111.328,-19.348
-0.273,0.382,0.105,32.654,108.276,-13.794
-0.311,0.434,0.215,37.903,103.760,0.732
-0.333,0.484,0.238,42.419,98.267,4.883
-0.327,0.478,0.269,46.265,90.698,9.155
-0.199,0.530,0.189,57.617,82.031,22.095
-0.114,0.554,0.115,63.293,80.200,27.832
-0.030,0.572,0.073,66.345,77.087,31.250
0.053,0.572,-0.043,69.031,75.500,31.189
0.060,0.563,-0.057,68.787,74.524,32.715
0.063,0.581,-0.191,68.787,76.782,34.241
0.070,0.582,-0.223,65.735,78.735,34.241
0.024,0.589,-0.213,59.753,82.153,35.645
-0.042,0.594,-0.097,58.411,86.243,39.551
-0.014,0.632,-0.049,58.777,90.332,44.006
-0.054,0.698,0.034,56.580,89.355,45.410
-0.083,0.718,0.063,57.861,87.280,46.021
-0.066,0.694,0.124,60.669,82.520,49.805
-0.027,0.696,0.110,63.293,78.674,52.063

0.244,1.382,-1.001,60.730,-24.292,82.336
0.382,1.397,-0.973,50.171,-17.212,81.787
0.423,1.343,-0.867,36.804,-18.127,75.439
0.354,1.243,-0.607,22.278,-22.400,58.960
0.306,1.187,-0.521,20.813,-26.184,52.124
0.221,1.078,-0.463,26.794,-46.570,35.522
0.156,1.021,-0.437,30.396,-62.500,24.963
-0.077,0.980,-0.500,44.556,-91.003,7.629
-0.200,1.045,-0.586,49.316,-102.417,4.639
-0.260,1.151,-0.653,52.002,-112.976,24.536
0.045,1.194,-0.795,50.415,-107.666,39.429
0.228,1.228,-0.906,47.913,-99.243,50.537
0.445,1.254,-0.978,29.846,-85.754,56.335
0.478,1.240,-0.932,20.142,-82.825,53.223
0.438,1.181,-0.825,3.540,-75.134,46.448
0.415,1.148,-0.804,0.122,-74.890,42.297
0.344,1.124,-0.765,-5.310,-85.693,30.151
0.184,1.086,-0.699,-6.042,-89.478,27.344
0.146,1.063,-0.633,-7.385,-91.675,27.588
0.008,1.075,-0.589,-6.653,-100.342,24.780
-0.052,1.122,-0.611,-5.798,-107.239,25.574
-0.080,1.174,-0.708,-8.606,-118.042,36.072
-0.052,1.185,-0.728,-12.024,-122.620,42.114
0.040,1.227,-0.838,-20.081,-120.850,59.448
0.089,1.252,-0.850,-26.550,-122.803,62.744
0.193,1.190,-0.839,-39.795,-134.583,64.270
0.171,1.233,-0.733,-44.861,-143.005,62.195
0.123,1.260,-0.849,-42.542,-148.560,55.664
0.068,1.292,-0.869,-44.922,-163.086,50.598
0.072,1.347,-0.969,-48.340,-178.406,50.232
0.129,1.379,-1.054,-51.086,-179.443,55.420
0.237,1.477,-1.197,-64.087,-168.335,68.787
0.389,1.499,-1.239,-75.134,-160.950,78.796
0.592,1.476,-1.200,-99.487,-142.639,88.867
0.879,1.418,-1.093,-109.314,-134.583,85.205
0.969,1.388,-1.037,-125.671,-131.897,62.012
0.914,1.267,-0.816,-133.789,-134.338,47.302
0.846,1.218,-0.742,-138.733,-137.451,25.269
0.676,1.144,-0.653,-138.794,-136.597,20.020
0.476,1.135,-0.632,-142.334,-132.507,14.404
0.429,1.135,-0.633,-141.663,-128.357,20.691
0.484,1.118,-0.586,-144.409,-115.906,38.635
0.599,1.145,-0.566,-144.836,-106.812,49.011
0.844,1.157,-0.623,-144.287,-90.881,61.218
0.965,1.152,-0.633,-148.071,-85.144,59.448
1.023,1.138,-0.601,-154.846,-74.829,44.556
0.988,1.095,-0.484,-156.860,-72.144,34.668
0.947,1.059,-0.442,-159.729,-79.102,14.465
0.821,1.003,-0.316,-157.104,-83.313,5.005
0.740,0.972,-0.316,-153.198,-86.548,-1.831
0.636,0.953,-0.343,-146.179,-82.764,-2.380
0.631,0.973,-0.386,-142.639,-78.064,1.404
0.546,1.010,-0.513,-141.907,-57.556,10.803
0.527,1.030,-0.510,-145.508,-47.180,18.188
0.580,1.023,-0.501,-148.926,-32.776,29.053
0.646,1.030,-0.518,-150.940,-28.442,31.433
0.735,1.044,-0.499,-154.297,-19.409,32.837
0.785,1.015,-0.429,-155.640,-16.602,30.823
0.820,0.978,-0.322,-153.442,-17.639,21.729
0.835,0.958,-0.277,-150.330,-17.273,16.846
0.856,0.911,-0.179,-144.165,-11.047,13.306
0.869,0.905,-0.153,-139.099,-9.521,10.559
0.856,0.901,-0.103,-129.822,-6.470,5.615
0.843,0.904,-0.097,-125.122,-2.014,5.737
0.857,0.911,-0.108,-119.995,3.052,6.470
0.781,0.923,-0.090,-113.342,14.709,9.155
0.756,0.899,-0.067,-109.558,26.062,15.076
0.697,0.895,-0.019,-106.995,52.368,29.724
0.678,0.845,0.055,-103.638,69.092,38.879
0.779,0.767,0.126,-98.022,104.065,58.350
0.839,0.728,0.116,-93.445,119.202,62.317
0.887,0.710,0.113,-88.684,129.639,61.768
0.931,0.640,0.104,-84.045,138.123,45.776
0.880,0.602,0.162,-80.139,135.132,32.959
0.695,0.515,0.229,-66.711,126.709,10.193
0.635,0.504,0.237,-58.044,117.859,0.427
0.532,0.475,0.182,-42.969,98.572,-14.526
0.521,0.496,0.154,-36.499,88.623,-22.400
0.491,0.490,0.110,-31.677,82.397,-26.489
0.512,0.465,0.068,-21.301,84.656,-26.062
0.523,0.511,-0.014,-16.846,93.872,-21.118
0.493,0.510,-0.147,-16.785,124.573,-7.751
0.510,0.505,-0.168,-18.127,141.663,0.366
0.516,0.413,-0.116,-22.034,164.368,5.066
0.500,0.363,-0.094,-20.386,165.527,0.732
0.466,0.346,-0.094,-18.982,158.569,-6.531
0.387,0.297,-0.096,-13.062,141.663,-22.827
0.300,0.292,-0.067,-11.292,133.606,-29.236
0.169,0.288,-0.047,-6.042,127.563,-30.029
0.143,0.295,-0.054,-3.235,126.892,-25.635
0.148,0.327,-0.097,1.282,133.484,-12.146
0.161,0.309,-0.097,1.160,145.325,-2.075
0.235,0.317,-0.094,3.784,168.945,14.526
0.230,0.342,-0.077,4.211,174.377,17.273
0.216,0.327,-0.023,4.578,175.842,17.700
0.197,0.278,0.053,8.606,170.227,13.428
0.133,0.274,0.099,11.414,161.804,9.644
0.201,0.257,0.020,18.738,137.512,1.343
0.185,0.259,0.013,20.996,120.239,-7.141
0.124,0.251,0.021,23.560,103.027,-16.907
-0.029,0.263,-0.025,30.762,76.233,-26.428
-0.079,0.281,-0.022,31.738,69.092,-25.085
-0.114,0.361,-0.036,33.813,71.106,-10.986
-0.068,0.389,-0.013,33.691,78.369,-0.854
-0.001,0.460,0.001,31.189,95.276,14.832
0.023,0.488,0.021,30.212,101.135,18.921
0.049,0.501,0.037,29.663,103.821,22.156
0.078,0.524,0.088,30.945,99.548,23.499
0.122,0.496,0.079,31.433,93.994,22.766
0.149,0.472,0.093,34.485,84.229,20.081
0.233,0.448,0.109,41.321,59.570,8.667
0.206,0.452,0.105,46.143,50.598,2.747
0.214,0.499,0.101,52.856,40.161,-6.836
0.130,0.624,0.034,54.749,39.612,-13.306
0.028,0.670,0.018,54.199,43.091,-15.198
-0.185,0.755,0.044,48.828,62.805,-2.502
-0.236,0.761,0.093,45.959,74.585,9.644
-0.208,0.774,0.111,46.509,83.984,21.851
-0.085,0.755,0.112,50.354,82.886,35.095

-0.703,1.181,-0.639,78.491,-65.247,-8.179
-0.504,1.224,-0.705,75.623,-58.289,15.198
-0.246,1.244,-0.761,61.951,-47.913,40.588
0.077,1.231,-0.771,55.115,-44.250,41.443
0.143,1.211,-0.773,50.476,-41.748,38.391
0.085,1.149,-0.670,39.246,-51.575,19.165
0.005,1.097,-0.600,38.208,-58.105,10.254
-0.180,0.996,-0.534,41.443,-72.388,-2.991
-0.285,0.981,-0.544,46.021,-78.003,-5.676
-0.513,1.031,-0.593,53.772,-89.111,-6.226
-0.601,1.148,-0.642,54.871,-95.947,-1.404
-0.711,1.257,-0.698,50.049,-98.083,33.081
-0.349,1.381,-0.897,44.983,-87.524,59.448
-0.066,1.410,-0.985,37.964,-71.167,81.177
0.368,1.416,-0.964,17.578,-48.950,95.276
0.484,1.356,-0.910,7.690,-47.668,85.938
0.342,1.285,-0.690,-2.502,-63.477,52.979
0.222,1.264,-0.622,-2.563,-74.829,38.513
-0.042,1.244,-0.657,1.831,-91.309,23.865
-0.128,1.225,-0.697,4.517,-97.107,22.827
-0.206,1.213,-0.773,5.127,-100.952,23.254
-0.292,1.189,-0.893,1.526,-106.689,30.151
-0.317,1.165,-0.909,-3.357,-109.192,34.119
-0.348,1.152,-0.882,-10.132,-110.229,43.457
-0.363,1.128,-0.881,-12.573,-111.267,49.316
-0.333,1.123,-0.822,-23.193,-114.563,62.256
-0.286,1.074,-0.764,-26.062,-116.516,67.627
-0.173,1.060,-0.735,-31.799,-122.253,72.815
-0.141,1.061,-0.688,-34.729,-128.784,71.960
-0.102,1.049,-0.585,-32.471,-136.902,74.158
-0.002,1.047,-0.624,-29.541,-140.320,76.050
0.150,1.164,-0.763,-27.283,-149.414,77.271
0.244,1.223,-0.791,-30.090,-149.963,79.773
0.501,1.232,-0.882,-38.269,-135.742,89.722
0.633,1.318,-0.919,-46.204,-122.803,91.858
0.719,1.312,-0.844,-68.481,-112.000,81.787
0.683,1.272,-0.769,-77.698,-112.061,70.801
0.456,1.181,-0.624,-86.426,-112.183,51.819
0.390,1.137,-0.583,-86.060,-112.061,48.096
0.264,1.099,-0.586,-86.487,-118.469,41.443
0.188,1.130,-0.556,-85.083,-121.033,41.016
0.279,1.155,-0.615,-85.083,-117.310,56.213
0.387,1.216,-0.681,-85.815,-108.398,66.040
0.602,1.260,-0.752,-95.764,-96.375,73.120
0.682,1.280,-0.761,-101.685,-92.163,70.740
0.683,1.271,-0.718,-112.793,-86.487,58.228
0.636,1.268,-0.708,-118.225,-85.327,51.147
0.540,1.249,-0.708,-125.122,-82.703,43.823
0.516,1.244,-0.732,-129.761,-79.102,44.495
0.497,1.254,-0.753,-140.503,-57.800,55.725
0.593,1.235,-0.726,-145.630,-47.180,61.218
0.665,1.207,-0.689,-150.818,-38.818,64.087
0.756,1.195,-0.548,-155.396,-29.053,57.922
0.744,1.195,-0.500,-155.273,-27.466,51.453
0.649,1.196,-0.450,-153.687,-30.518,37.537
0.625,1.202,-0.472,-152.039,-31.128,33.875
0.597,1.141,-0.452,-149.841,-32.898,26.489
0.583,1.128,-0.444,-148.437,-34.241,23.621
0.612,1.022,-0.370,-146.606,-38.330,21.118
0.581,0.978,-0.310,-143.921,-37.903,17.761
0.683,0.950,-0.308,-136.230,-20.508,23.499
0.666,0.936,-0.334,-134.766,-13.184,23.132
0.561,0.911,-0.295,-135.620,-4.700,20.386
0.543,0.914,-0.245,-135.010,-0.122,21.484
0.501,0.869,-0.170,-131.226,7.935,22.034
0.506,0.847,-0.122,-127.991,8.057,21.240
0.526,0.808,-0.105,-121.033,5.676,19.714
0.610,0.802,-0.092,-117.188,5.676,17.639
0.629,0.785,-0.117,-112.610,5.554,14.343
0.614,0.737,-0.067,-109.497,9.399,10.986
0.617,0.716,-0.038,-105.957,17.212,13.794
0.681,0.687,0.013,-101.685,35.828,19.897
0.738,0.659,0.043,-98.450,44.739,22.339
0.757,0.674,0.041,-93.384,59.082,16.663
0.688,0.678,0.048,-93.506,60.486,10.986
0.687,0.656,0.139,-93.140,58.960,7.202
0.687,0.647,0.189,-83.984,64.453,5.615
0.709,0.650,0.180,-76.965,69.824,7.812
0.787,0.654,0.185,-70.618,75.256,8.911
0.921,0.629,0.105,-59.937,81.787,5.127
0.972,0.641,0.035,-55.298,84.290,-1.282
0.952,0.588,-0.031,-50.415,83.740,-20.020
0.831,0.587,-0.031,-50.781,86.304,-29.053
0.741,0.557,-0.027,-49.500,92.957,-34.607
0.584,0.565,-0.018,-48.889,106.140,-34.729
0.535,0.551,-0.010,-48.279,114.502,-31.067
0.580,0.511,-0.006,-45.776,126.953,-22.644
0.602,0.491,-0.015,-43.640,129.578,-22.522
0.596,0.386,0.032,-36.743,130.859,-27.283
0.581,0.346,0.068,-31.982,128.296,-31.128
0.548,0.269,0.132,-15.808,122.498,-38.818
0.502,0.299,0.094,-6.897,119.019,-43.762
0.350,0.325,0.060,5.005,105.225,-56.091
0.278,0.352,0.010,9.521,101.929,-58.167
0.239,0.406,-0.061,11.292,104.004,-56.763
0.162,0.483,-0.138,7.935,114.929,-50.354
0.090,0.518,-0.101,3.052,119.202,-46.875
0.136,0.474,-0.021,-2.930,136.780,-29.663
0.173,0.438,0.028,-2.869,142.212,-24.170
0.164,0.408,0.041,2.502,133.972,-30.579
0.127,0.373,0.052,5.676,122.925,-38.269
0.063,0.370,0.072,11.719,112.488,-43.701
-0.042,0.378,0.058,20.752,94.299,-52.673
-0.113,0.400,0.002,25.818,86.609,-55.664
-0.267,0.486,-0.109,28.931,82.336,-49.133
-0.300,0.536,-0.178,25.635,87.830,-39.856
-0.271,0.553,-0.194,13.245,100.647,-17.273
-0.194,0.545,-0.143,9.521,104.614,-7.568
-0.152,0.492,-0.085,4.333,109.741,2.930
-0.085,0.447,-0.024,6.653,107.605,2.197
-0.115,0.424,0.007,8.179,101.685,-1.099
-0.145,0.419,0.048,16.602,88.623,-3.235
-0.171,0.445,0.073,19.043,83.313,-4.150
-0.188,0.435,0.071,25.940,73.364,-2.380
-0.132,0.411,0.102,30.518,72.632,0.488
-0.124,0.437,0.110,33.997,72.876,1.648
-0.214,0.489,0.054,40.955,75.867,2.991
-0.231,0.511,0.015,41.565,74.951,6.042
-0.247,0.475,0.026,43.152,73.547,10.132

-0.999,1.046,-0.649,72.144,-47.546,-15.320
-1.048,1.099,-0.696,68.420,-53.528,-1.892
-0.837,1.104,-0.719,58.472,-50.476,40.710
-0.665,1.101,-0.755,57.373,-44.495,58.960
-0.526,1.119,-0.780,54.260,-41.199,68.909
-0.400,1.102,-0.790,40.710,-47.729,70.618
-0.369,1.084,-0.775,34.790,-52.795,68.787
-0.385,1.037,-0.677,28.259,-67.200,61.768
-0.377,1.011,-0.606,28.076,-76.782,58.777
-0.392,1.196,-0.553,32.654,-90.149,60.913
-0.301,1.250,-0.555,34.912,-93.140,71.960
0.141,1.384,-0.640,36.865,-81.421,99.365
0.387,1.444,-0.719,34.180,-70.557,107.239
0.590,1.457,-0.759,17.090,-59.631,93.872
0.694,1.465,-0.666,7.263,-62.683,74.646
0.577,1.396,-0.540,-0.610,-71.350,53.955
0.321,1.292,-0.363,-4.700,-85.632,24.597
0.177,1.291,-0.337,-0.305,-90.881,16.846
-0.057,1.296,-0.445,6.226,-103.210,12.146
-0.096,1.295,-0.498,6.348,-109.314,15.808
-0.085,1.306,-0.623,7.263,-112.488,28.320
-0.052,1.299,-0.693,4.333,-111.938,34.973
-0.020,1.330,-0.761,-0.610,-110.229,39.917
0.064,1.350,-0.740,-15.320,-110.413,51.392
0.117,1.341,-0.697,-21.667,-109.924,55.176
0.104,1.306,-0.658,-29.663,-112.000,56.946
0.127,1.295,-0.629,-31.311,-115.479,56.396
0.140,1.192,-0.563,-33.203,-137.024,47.241
0.090,1.157,-0.565,-31.555,-144.958,43.091
0.003,1.170,-0.640,-28.931,-151.306,45.776
0.013,1.186,-0.685,-28.259,-153.564,51.086
0.137,1.284,-0.707,-31.677,-150.635,69.153
0.349,1.337,-0.726,-34.546,-140.747,82.886
0.757,1.424,-0.760,-42.419,-116.638,94.360
0.898,1.469,-0.768,-48.523,-108.643,88.440
0.893,1.510,-0.736,-63.721,-104.248,62.500
0.844,1.487,-0.697,-71.350,-104.797,49.744
0.771,1.445,-0.684,-84.167,-102.051,33.142
0.747,1.423,-0.698,-90.698,-99.182,26.794
0.626,1.366,-0.670,-101.196,-94.299,17.822
0.566,1.383,-0.645,-105.957,-93.689,15.564
0.636,1.408,-0.616,-114.685,-86.975,21.240
0.731,1.427,-0.662,-117.615,-79.224,25.330
0.784,1.464,-0.701,-126.404,-60.547,23.804
0.747,1.441,-0.675,-133.240,-56.641,16.541
0.662,1.415,-0.632,-139.099,-57.007,8.484
0.492,1.338,-0.597,-142.883,-58.716,-0.977
0.400,1.299,-0.605,-145.508,-60.852,-2.197
0.334,1.253,-0.615,-148.193,-64.758,3.296
0.372,1.215,-0.612,-149.475,-63.110,8.362
0.455,1.129,-0.574,-154.358,-53.284,22.522
0.526,1.077,-0.512,-155.823,-46.021,29.175
0.620,1.049,-0.436,-153.015,-35.400,34.241
0.649,1.025,-0.373,-151.855,-34.668,33.081
0.741,1.045,-0.436,-144.775,-32.898,29.297
0.775,1.031,-0.402,-147.278,-36.743,23.743
0.817,0.949,-0.287,-143.799,-42.480,12.756
0.819,0.950,-0.276,-139.526,-46.509,7.507
0.832,0.905,-0.225,-132.080,-46.387,3.113
0.877,0.879,-0.256,-126.038,-43.152,2.930
0.837,0.888,-0.303,-119.385,-29.846,4.089
0.829,0.880,-0.320,-118.164,-19.287,7.812
0.782,0.868,-0.308,-116.943,-10.376,12.512
0.751,0.803,-0.260,-114.136,3.906,18.005
0.756,0.799,-0.237,-112.061,11.292,21.973
0.877,0.781,-0.265,-109.497,32.410,29.663
0.982,0.805,-0.286,-111.511,43.335,30.762
1.061,0.729,-0.187,-117.737,59.753,21.851
1.030,0.708,-0.094,-120.117,69.214,16.418
0.941,0.671,0.017,-116.760,90.027,8.911
0.853,0.665,0.082,-115.173,95.459,5.371
0.823,0.642,0.146,-111.633,100.464,3.784
0.816,0.573,0.227,-98.938,104.004,2.136
0.815,0.561,0.251,-91.736,103.394,-1.343
0.794,0.508,0.271,-73.303,101.440,-10.193
0.803,0.538,0.242,-63.599,98.938,-14.343
0.783,0.537,0.198,-45.898,95.703,-21.057
0.756,0.522,0.124,-38.818,99.487,-23.743
0.696,0.519,0.059,-33.691,103.394,-26.245
0.605,0.483,-0.018,-26.978,114.258,-26.245
0.575,0.469,-0.041,-26.550,121.399,-25.879
0.554,0.459,-0.098,-23.865,132.080,-27.588
0.540,0.446,-0.115,-24.536,136.536,-29.358
0.419,0.379,-0.080,-28.687,143.738,-36.377
0.337,0.356,-0.044,-28.442,149.109,-36.987
0.176,0.355,-0.020,-28.015,159.302,-31.250
0.146,0.350,-0.016,-28.076,166.077,-25.757
0.150,0.300,0.073,-28.442,173.462,-15.686
0.190,0.270,0.114,-25.696,178.284,-9.949
0.284,0.184,0.173,-10.742,186.523,-5.310
0.255,0.166,0.139,-1.038,182.129,-10.498
0.198,0.178,0.130,7.019,170.776,-20.020
0.017,0.186,0.074,21.057,140.503,-40.283
-0.107,0.200,0.059,25.940,127.258,-47.302
-0.321,0.277,-0.013,31.067,113.159,-48.706
-0.439,0.293,-0.025,30.334,106.750,-44.556
-0.542,0.350,-0.005,27.100,103.027,-20.142
-0.511,0.374,-0.006,26.245,104.431,-5.249
-0.303,0.301,0.054,24.353,105.591,21.973
-0.192,0.265,0.091,27.649,108.582,32.349
-0.082,0.221,0.057,31.189,112.000,38.086
0.066,0.293,-0.008,40.527,111.755,40.588
0.061,0.325,-0.004,43.945,104.614,34.790
0.035,0.394,0.052,49.133,90.942,23.621
0.034,0.403,0.087,52.185,85.632,20.813
0.013,0.417,0.118,56.885,82.520,17.395
-0.009,0.499,0.087,63.416,71.533,13.123
-0.034,0.524,0.039,65.308,66.406,11.841
0.007,0.506,0.034,67.444,63.416,14.648
0.035,0.503,0.016,70.007,68.726,18.982
0.041,0.512,-0.028,73.608,75.134,22.339
0.040,0.508,-0.060,76.538,78.735,24.536
0.044,0.498,-0.065,75.867,76.843,23.437
0.036,0.479,-0.030,78.674,70.496,17.883
-0.015,0.473,0.006,79.529,67.871,14.526
-0.091,0.501,0.021,82.031,64.453,12.817
-0.275,0.562,-0.021,88.135,60.120,14.771
-0.312,0.644,-0.036,90.271,58.228,20.691
-0.248,0.710,-0.076,93.506,54.077,38.879

-0.779,1.117,-0.660,81.177,-55.115,1.282
-0.724,1.168,-0.683,82.092,-60.730,19.104
-0.518,1.229,-0.749,81.482,-60.364,53.589
-0.094,1.238,-0.864,77.393,-58.289,62.500
0.067,1.209,-0.890,71.106,-53.162,66.223
0.211,1.190,-0.953,64.880,-40.161,57.495
0.160,1.163,-0.959,58.716,-38.757,44.617
-0.104,1.099,-0.862,46.204,-49.622,15.991
-0.292,1.102,-0.799,44.006,-61.340,4.700
-0.661,1.246,-0.758,44.678,-90.027,-0.793
-0.715,1.281,-0.788,44.250,-98.145,13.184
-0.631,1.323,-0.871,43.518,-97.534,35.583
-0.176,1.336,-1.038,33.447,-81.970,75.500
0.004,1.331,-1.088,25.208,-78.979,81.970
0.129,1.304,-1.047,5.005,-76.172,73.364
0.124,1.262,-0.967,-4.883,-81.177,62.561
-0.086,1.174,-0.765,-12.085,-98.633,40.833
-0.219,1.156,-0.733,-10.132,-103.210,36.865
-0.421,1.145,-0.732,-5.798,-117.920,39.673
-0.457,1.136,-0.753,-4.761,-126.343,44.922
-0.399,1.134,-0.887,-4.272,-140.259,57.983
-0.367,1.159,-0.927,-7.385,-145.874,63.477
-0.219,1.204,-0.978,-16.357,-147.522,79.346
-0.135,1.212,-0.986,-23.254,-145.020,86.548
-0.022,1.183,-0.816,-41.687,-144.104,93.262
0.040,1.186,-0.931,-37.598,-138.672,98.145
0.044,1.069,-0.679,-47.241,-156.067,90.942
0.005,1.059,-0.685,-42.480,-161.926,88.684
0.033,1.042,-0.730,-37.598,-168.823,89.905
0.047,1.058,-0.785,-36.865,-175.354,89.722
0.059,1.119,-0.849,-42.114,-186.951,98.267
0.284,1.231,-0.900,-45.776,-182.129,109.985
0.498,1.268,-0.955,-58.533,-148.193,136.353
0.975,1.281,-0.961,-67.566,-131.531,139.587
1.131,1.294,-0.960,-83.313,-119.507,116.516
1.143,1.323,-0.863,-90.881,-123.474,96.069
1.030,1.300,-0.772,-99.426,-130.615,62.317
0.801,1.256,-0.712,-102.234,-130.493,54.016
0.699,1.248,-0.725,-103.943,-128.235,49.194
0.548,1.214,-0.717,-104.492,-125.916,46.204
0.480,1.217,-0.733,-109.985,-122.070,52.979
0.467,1.294,-0.777,-113.708,-111.328,64.819
0.542,1.307,-0.782,-125.488,-88.501,85.266
0.756,1.345,-0.724,-134.827,-80.933,89.966
0.853,1.328,-0.698,-140.442,-75.317,90.881
1.004,1.315,-0.652,-151.306,-63.660,79.834
0.991,1.312,-0.621,-157.349,-61.707,69.519
0.888,1.263,-0.501,-164.185,-57.495,51.025
0.877,1.275,-0.442,-167.725,-54.932,46.265
0.903,1.283,-0.413,-164.490,-53.650,38.269
0.976,1.294,-0.404,-163.757,-52.429,35.217
1.018,1.331,-0.448,-161.865,-41.016,26.001
0.972,1.338,-0.495,-163.757,-35.522,20.569
0.980,1.326,-0.619,-166.077,-22.278,13.916
0.997,1.307,-0.680,-170.044,-18.982,7.324
0.841,1.213,-0.674,-181.396,-17.334,-8.240
0.780,1.176,-0.651,-184.753,-13.550,-10.620
0.735,1.043,-0.497,-190.369,-4.395,-8.301
0.775,0.994,-0.425,-188.843,5.371,-2.930
0.874,0.904,-0.327,-182.190,19.714,-0.671
0.856,0.850,-0.253,-176.392,22.034,-5.676
0.823,0.823,-0.172,-161.560,20.874,-14.038
0.694,0.804,-0.059,-154.907,18.311,-17.944
0.632,0.786,-0.008,-147.949,15.747,-19.531
0.713,0.796,-0.021,-131.714,15.991,-15.808
0.781,0.797,-0.008,-124.207,15.015,-14.709
0.894,0.750,-0.066,-113.586,18.494,-16.479
0.940,0.738,-0.142,-110.291,27.649,-16.846
0.935,0.701,-0.224,-112.366,55.359,-14.404
0.877,0.629,-0.169,-116.150,73.914,-12.817
0.731,0.530,-0.069,-120.789,108.215,-7.019
0.676,0.474,-0.003,-118.835,121.155,-4.333
0.552,0.379,0.157,-109.070,131.531,-6.775
0.469,0.355,0.262,-99.731,126.831,-8.667
0.464,0.307,0.337,-72.449,111.267,-8.667
0.526,0.326,0.278,-58.960,100.342,-11.780
0.687,0.329,0.137,-34.363,80.261,-22.583
0.691,0.349,0.049,-25.635,72.449,-32.166
0.654,0.387,-0.045,-19.531,68.848,-40.100
0.598,0.465,-0.372,-20.142,80.627,-45.654
0.601,0.505,-0.469,-29.236,91.003,-45.410
0.447,0.484,-0.419,-48.706,111.877,-51.514
0.311,0.477,-0.332,-57.922,124.756,-49.988
0.180,0.386,-0.096,-67.139,150.146,-38.147
0.147,0.356,-0.014,-65.552,160.950,-30.334
0.140,0.313,0.075,-55.420,166.992,-22.644
0.141,0.304,0.140,-50.415,161.377,-20.752
0.234,0.265,0.179,-35.034,155.762,-15.686
0.285,0.258,0.143,-27.649,153.137,-15.808
0.315,0.265,0.123,-15.137,141.785,-26.611
0.236,0.244,0.128,-9.644,137.329,-32.837
0.176,0.272,0.123,-5.310,133.728,-36.499
0.020,0.333,0.101,3.723,127.441,-39.734
-0.045,0.359,0.120,5.371,120.117,-42.847
-0.124,0.377,0.179,9.644,108.643,-41.382
-0.143,0.354,0.223,11.047,107.544,-37.537
-0.157,0.369,0.243,20.813,110.107,-26.367
-0.126,0.396,0.224,23.987,109.314,-22.156
-0.079,0.378,0.208,28.564,109.009,-17.761
-0.060,0.369,0.121,36.011,105.896,-16.174
-0.077,0.371,0.083,38.452,102.905,-16.479
-0.186,0.377,0.058,36.621,105.042,-14.832
-0.265,0.413,0.069,34.363,107.788,-10.437
-0.280,0.458,0.120,32.898,112.488,4.761
-0.266,0.491,0.158,32.593,112.488,10.010
-0.294,0.531,0.202,36.194,100.830,16.724
-0.256,0.562,0.248,38.269,95.581,21.912
-0.208,0.562,0.259,41.870,90.820,27.039
-0.061,0.595,0.214,47.913,85.754,33.569
0.002,0.598,0.208,49.561,82.275,34.058
0.078,0.577,0.196,51.758,79.285,33.081
0.155,0.558,0.182,58.105,81.726,31.372
0.172,0.594,0.156,62.012,85.449,29.114
0.146,0.608,0.105,65.369,86.792,19.287
0.117,0.614,0.113,65.674,83.679,12.451
0.060,0.629,0.109,68.115,79.102,6.104
-0.031,0.647,0.139,69.275,64.392,-7.263
-0.111,0.653,0.166,72.449,57.373,-13.550
-0.167,0.676,0.189,79.529,47.729,-17.700

-0.886,0.946,-0.672,63.538,-58.899,31.921
-0.736,1.022,-0.723,64.758,-54.260,59.998
-0.457,1.034,-0.801,56.824,-40.588,104.248
0.161,1.134,-0.986,47.974,-32.715,113.220
0.371,1.138,-0.993,37.231,-27.527,110.168
0.409,1.047,-0.791,17.822,-32.288,81.787
0.262,1.010,-0.666,12.329,-35.217,67.200
0.089,1.006,-0.673,11.963,-34.363,55.176
0.008,0.988,-0.612,11.902,-40.161,49.561
-0.126,0.910,-0.467,14.587,-58.289,38.391
-0.187,0.880,-0.496,21.729,-66.711,34.546
-0.263,0.898,-0.552,31.250,-86.914,27.649
-0.390,0.984,-0.656,31.250,-94.604,28.809
-0.434,1.008,-0.650,31.250,-98.572,35.767
-0.321,1.106,-0.793,28.625,-87.585,66.162
-0.160,1.194,-0.892,24.170,-77.698,82.031
0.030,1.223,-0.833,3.662,-78.613,87.524
0.022,1.181,-0.720,-3.906,-80.322,85.205
-0.070,1.171,-0.550,-9.766,-85.693,84.167
-0.031,1.125,-0.597,-13.000,-92.834,84.167
-0.057,1.160,-0.555,1.648,-112.244,77.271
-0.083,1.156,-0.483,1.282,-126.465,72.876
-0.098,1.181,-0.586,7.385,-134.277,71.350
-0.081,1.259,-0.790,9.399,-137.817,76.599
-0.056,1.250,-0.861,5.737,-136.169,80.139
-0.049,1.421,-1.006,-7.812,-137.085,86.487
0.032,1.477,-1.073,-17.395,-139.038,93.445
0.332,1.515,-1.083,-39.307,-130.859,110.657
0.504,1.507,-1.057,-48.950,-121.887,115.906
0.686,1.486,-0.882,-66.711,-118.408,102.417
0.644,1.466,-0.788,-70.679,-125.000,87.830
0.529,1.455,-0.735,-70.129,-139.282,61.279
0.510,1.481,-0.786,-67.749,-143.433,51.453
0.426,1.474,-0.843,-69.763,-151.367,33.630
0.322,1.479,-0.890,-70.984,-152.100,27.771
0.129,1.478,-0.986,-79.407,-150.146,26.001
0.113,1.442,-1.004,-86.731,-144.958,32.837
0.139,1.436,-1.024,-101.196,-132.996,45.532
0.112,1.415,-0.993,-110.535,-132.568,47.974
0.027,1.312,-0.880,-124.512,-143.250,46.082
-0.024,1.290,-0.851,-128.357,-149.170,45.898
0.022,1.259,-0.761,-132.629,-169.922,49.011
0.127,1.249,-0.760,-132.751,-176.880,54.443
0.383,1.267,-0.899,-132.385,-174.561,66.833
0.492,1.284,-0.909,-135.498,-170.471,69.275
0.688,1.273,-0.907,-147.644,-162.964,64.270
0.733,1.224,-0.805,-155.518,-159.668,58.716
0.732,1.159,-0.574,-164.551,-162.842,35.461
0.668,1.092,-0.464,-166.626,-171.387,20.935
0.569,1.064,-0.409,-158.020,-181.702,5.981
0.537,1.079,-0.450,-155.334,-178.467,6.531
0.636,1.090,-0.545,-152.283,-159.424,21.790
0.726,1.109,-0.634,-152.344,-145.935,29.846
0.781,1.140,-0.785,-162.292,-102.478,45.593
0.799,1.130,-0.775,-171.448,-78.064,51.941
0.743,1.019,-0.603,-188.049,-39.185,59.631
0.716,0.962,-0.557,-192.993,-25.146,62.805
0.717,0.909,-0.336,-190.125,-8.179,60.608
0.755,0.880,-0.236,-186.890,-5.371,59.570
0.801,0.888,-0.189,-170.288,4.883,55.298
0.849,0.897,-0.173,-163.452,9.827,54.443
0.894,0.920,-0.196,-149.780,22.827,50.720
0.976,0.918,-0.170,-145.020,28.687,45.044
0.981,0.925,-0.200,-141.907,34.546,39.246
0.869,0.862,-0.159,-138.184,47.852,26.611
0.794,0.821,-0.102,-138.245,57.190,23.743
0.652,0.743,-0.010,-132.446,75.317,23.132
0.633,0.705,-0.001,-127.930,84.045,24.231
0.525,0.676,0.043,-118.164,94.910,26.001
0.518,0.666,0.052,-112.305,103.394,28.992
0.540,0.656,0.054,-99.304,113.220,32.349
0.573,0.645,0.076,-91.980,112.549,29.724
0.568,0.598,0.081,-82.458,108.643,23.987
0.693,0.634,-0.090,-66.711,98.999,8.484
0.661,0.651,-0.157,-63.293,90.332,-5.188
0.497,0.676,-0.196,-61.157,81.482,-26.245
0.413,0.664,-0.215,-61.279,83.679,-28.931
0.272,0.660,-0.212,-64.636,101.196,-21.790
0.221,0.646,-0.217,-66.223,114.014,-14.709
0.210,0.627,-0.204,-70.313,138.306,3.418
0.188,0.547,-0.130,-71.716,149.292,11.719
0.209,0.489,-0.058,-71.899,157.410,19.470
0.246,0.337,0.078,-62.683,169.678,26.367
0.263,0.303,0.112,-54.993,173.523,26.367
0.277,0.301,0.128,-39.368,171.997,21.667
0.252,0.254,0.159,-32.654,170.593,19.592
0.203,0.172,0.258,-18.005,167.419,13.245
0.147,0.153,0.309,-8.484,163.940,9.521
0.090,0.181,0.301,3.235,160.828,6.775
0.114,0.214,0.194,16.663,148.315,9.583
0.116,0.229,0.146,15.198,136.475,9.033
0.186,0.252,0.049,16.907,130.371,8.118
0.234,0.281,-0.020,15.991,129.700,1.221
0.188,0.270,-0.000,12.756,134.216,-1.953
0.144,0.256,0.043,7.935,144.958,-5.554
0.075,0.263,0.071,7.263,143.433,-9.216
-0.041,0.271,0.147,5.981,139.954,-11.719
-0.169,0.259,0.268,8.667,132.568,-7.446
-0.178,0.254,0.339,10.193,129.456,-3.113
-0.127,0.240,0.340,20.996,124.756,6.714
-0.097,0.239,0.349,25.513,121.216,7.935
-0.106,0.253,0.350,32.227,115.173,7.019
0.048,0.238,0.328,44.250,110.413,13.245
0.115,0.262,0.284,51.880,110.718,14.893
0.011,0.362,0.151,60.852,105.591,7.446
0.007,0.442,0.098,60.852,107.422,9.460
0.010,0.507,0.105,59.326,110.596,14.282
-0.032,0.544,0.200,54.932,116.333,18.372
-0.020,0.580,0.250,55.725,118.225,22.522
0.106,0.544,0.362,62.073,108.643,23.804
0.148,0.517,0.361,67.932,97.168,18.005
0.205,0.484,0.299,75.134,84.167,8.545
0.258,0.523,0.143,90.576,64.331,-12.329
0.259,0.536,0.035,96.924,57.556,-21.790
0.186,0.562,-0.049,101.379,55.908,-30.579
0.040,0.661,-0.208,99.731,63.965,-34.668
0.023,0.679,-0.298,95.886,72.510,-29.724
-0.020,0.737,-0.289,85.815,91.003,-21.179
-0.098,0.752,-0.216,80.933,94.910,-20.203

-0.497,1.088,-0.926,74.463,3.479,7.080
-0.566,1.009,-0.892,70.618,2.441,13.123
-0.592,0.963,-0.878,69.641,-0.854,19.897
-0.641,0.883,-0.952,70.496,-17.517,24.597
-0.682,0.852,-0.982,69.214,-27.100,24.475
-0.824,0.863,-0.996,68.787,-41.565,30.151
-0.838,0.875,-1.009,67.017,-45.837,36.987
-0.849,1.120,-1.057,59.631,-53.345,56.274
-0.760,1.190,-1.101,54.260,-54.443,70.801
-0.389,1.238,-1.127,35.706,-54.199,95.581
-0.229,1.216,-1.033,28.076,-56.641,98.572
-0.176,1.187,-0.939,20.386,-61.707,94.177
-0.266,1.108,-0.741,14.343,-76.111,81.299
-0.294,1.084,-0.675,14.099,-83.374,77.942
-0.360,1.001,-0.597,17.700,-95.703,75.928
-0.370,0.969,-0.602,21.545,-99.854,76.355
-0.449,1.044,-0.652,28.137,-111.267,77.881
-0.455,1.080,-0.697,30.640,-118.896,80.261
-0.368,1.232,-0.829,27.283,-132.507,90.149
-0.259,1.317,-0.873,23.926,-138.000,97.290
0.099,1.439,-0.979,13.489,-127.380,121.887
0.320,1.452,-0.972,5.066,-118.896,130.005
0.592,1.392,-0.804,-11.597,-119.446,114.563
0.584,1.355,-0.712,-14.648,-129.456,96.985
0.422,1.324,-0.606,-13.489,-156.555,58.899
0.329,1.303,-0.661,-11.414,-166.809,45.532
0.217,1.343,-0.756,-8.423,-176.392,31.128
-0.047,1.422,-0.951,-12.756,-176.208,30.457
-0.086,1.398,-1.065,-25.452,-173.462,40.771
-0.077,1.390,-1.068,-34.302,-171.509,49.072
-0.050,1.358,-1.046,-51.453,-164.368,66.223
0.085,1.335,-0.915,-58.105,-161.682,75.623
0.208,1.325,-0.902,-67.810,-160.889,86.426
0.461,1.275,-0.839,-69.763,-165.222,84.106
0.505,1.256,-0.782,-71.960,-170.898,78.918
0.501,1.254,-0.743,-70.862,-179.626,64.697
0.439,1.250,-0.755,-70.435,-184.875,57.922
0.327,1.305,-0.787,-72.144,-183.167,58.228
0.344,1.319,-0.811,-72.327,-174.744,67.993
0.437,1.360,-0.905,-76.904,-156.921,86.365
0.572,1.412,-0.955,-81.665,-148.743,97.473
0.990,1.423,-1.060,-100.647,-122.070,117.065
1.174,1.422,-1.065,-113.464,-105.591,117.798
1.290,1.386,-0.891,-138.184,-87.341,96.436
1.240,1.363,-0.740,-146.240,-86.182,80.200
1.047,1.321,-0.527,-152.344,-86.731,53.162
0.932,1.303,-0.467,-151.978,-90.088,44.800
0.863,1.302,-0.457,-148.437,-89.661,38.452
0.855,1.325,-0.512,-146.240,-86.609,37.415
0.904,1.325,-0.593,-146.667,-72.998,42.175
0.921,1.336,-0.650,-148.560,-58.411,46.326
0.896,1.320,-0.724,-153.687,-28.687,51.025
0.906,1.278,-0.737,-158.691,-16.968,52.246
0.955,1.214,-0.686,-166.565,-3.845,44.250
0.884,1.190,-0.670,-168.518,-2.930,34.119
0.675,1.094,-0.548,-170.654,-10.986,14.526
0.607,1.047,-0.478,-168.091,-13.611,10.681
0.580,0.964,-0.430,-159.302,-17.883,11.719
0.629,0.938,-0.392,-154.236,-17.456,13.611
0.689,0.939,-0.377,-145.447,-17.883,12.329
0.702,0.868,-0.342,-134.094,-14.526,10.620
0.660,0.813,-0.342,-129.456,-3.784,11.597
0.551,0.824,-0.404,-125.671,4.517,12.146
0.489,0.835,-0.409,-127.502,11.780,15.320
0.495,0.689,-0.260,-135.498,38.940,34.607
0.492,0.732,-0.151,-134.216,62.378,49.133
0.630,0.674,-0.100,-134.460,102.417,70.740
0.654,0.622,-0.003,-133.545,114.075,74.524
0.823,0.623,-0.013,-125.305,122.437,69.885
0.898,0.608,-0.005,-122.314,119.751,60.181
0.926,0.522,0.114,-112.366,108.704,31.738
0.873,0.543,0.129,-102.844,102.173,17.029
0.737,0.538,0.101,-83.679,84.961,-7.141
0.715,0.569,0.083,-77.087,81.299,-13.123
0.697,0.568,0.017,-70.313,78.186,-17.578
0.530,0.637,-0.043,-62.683,79.407,-22.827
0.485,0.616,-0.045,-61.890,82.581,-18.433
0.621,0.578,-0.095,-56.274,102.600,-5.127
0.697,0.567,-0.142,-54.260,109.863,-4.761
0.737,0.500,-0.083,-55.237,115.479,-16.296
0.703,0.498,-0.106,-52.246,119.751,-21.606
0.680,0.427,-0.086,-53.650,121.338,-34.851
0.642,0.398,-0.066,-50.476,121.094,-43.457
0.521,0.307,0.005,-46.021,122.009,-55.115
0.464,0.287,0.008,-40.894,125.610,-56.458
0.373,0.302,-0.036,-36.743,132.935,-55.359
0.198,0.324,-0.034,-34.668,147.339,-48.279
0.134,0.317,0.016,-34.058,155.212,-42.053
0.057,0.265,0.106,-31.250,168.335,-26.855
0.049,0.249,0.167,-27.954,173.401,-19.348
0.103,0.145,0.310,-14.709,184.204,-4.028
0.117,0.098,0.334,-4.639,188.477,0.977
0.163,0.147,0.298,13.306,181.641,1.221
0.175,0.145,0.316,20.264,172.363,-2.014
0.156,0.123,0.333,26.978,163.818,-3.662
0.084,0.098,0.366,42.725,151.917,-11.292
0.011,0.180,0.335,51.147,146.240,-13.855
-0.117,0.242,0.243,58.228,140.076,-13.550
-0.157,0.237,0.253,58.472,138.550,-9.583
-0.167,0.229,0.306,59.570,138.062,-5.127
-0.193,0.181,0.344,65.247,132.080,1.160
-0.151,0.167,0.333,70.068,122.070,2.625
-0.073,0.216,0.260,80.017,105.347,3.906
-0.042,0.219,0.203,85.632,98.999,3.418
-0.031,0.253,0.158,87.830,91.492,2.380
-0.063,0.319,0.108,92.651,81.604,1.221
-0.077,0.340,0.076,93.933,80.750,2.808
-0.119,0.442,0.043,93.079,83.618,10.193
-0.133,0.460,0.057,91.248,86.304,14.832
-0.117,0.472,0.039,89.111,88.928,19.836
-0.064,0.439,0.017,85.693,91.187,27.771
-0.043,0.421,0.012,85.449,88.135,29.724
-0.004,0.347,0.008,88.135,77.576,28.564
0.003,0.320,-0.012,92.041,71.472,26.672
0.014,0.297,-0.075,97.168,65.430,25.391
0.076,0.309,-0.149,103.882,44.861,17.456
0.047,0.322,-0.196,108.704,35.767,10.010
-0.065,0.476,-0.261,115.173,31.067,4.639
-0.151,0.581,-0.324,115.723,37.109,8.850

-0.367,1.002,-1.143,62.805,-8.179,-46.143
-0.565,1.011,-1.114,57.739,-13.916,-48.767
-0.897,1.058,-0.945,48.767,-21.423,-36.499
-0.979,1.074,-0.886,46.509,-23.926,-22.827
-1.032,1.038,-0.807,42.908,-23.865,13.184
-0.933,0.991,-0.802,43.030,-23.437,31.494
-0.822,0.985,-0.838,44.556,-24.109,48.645
-0.455,0.995,-1.016,45.776,-26.245,73.303
-0.310,1.030,-1.103,43.457,-25.513,78.796
-0.111,1.035,-1.149,29.419,-23.560,75.378
-0.089,0.985,-1.052,21.729,-25.452,68.787
-0.177,0.880,-0.860,14.526,-28.442,57.922
-0.254,0.864,-0.829,15.686,-29.785,53.162
-0.468,0.837,-0.674,13.000,-41.443,43.579
-0.584,0.869,-0.591,12.756,-47.424,42.297
-0.739,0.944,-0.576,15.686,-59.387,52.002
-0.900,1.042,-0.630,13.367,-61.646,68.054
-0.870,1.081,-0.654,8.240,-60.852,85.022
-0.667,1.066,-0.637,-0.427,-66.162,115.234
-0.529,1.048,-0.585,-3.418,-73.364,123.352
-0.262,0.991,-0.516,-1.587,-90.210,127.747
-0.215,0.981,-0.499,1.404,-100.037,123.962
-0.192,1.035,-0.560,9.888,-116.455,116.638
-0.194,1.049,-0.586,12.634,-127.563,111.206
-0.441,1.568,-0.817,17.700,-152.344,101.074
-0.418,1.087,-0.668,11.780,-161.926,100.464
-0.119,1.273,-0.858,22.156,-176.025,109.192
-0.002,1.329,-0.896,17.456,-167.114,119.568
0.299,1.458,-1.053,5.127,-156.006,136.597
0.490,1.490,-1.106,-6.836,-142.822,145.996
0.783,1.643,-1.133,-34.363,-123.535,143.372
0.895,1.431,-0.894,-50.110,-122.681,133.484
0.842,1.404,-0.790,-53.406,-133.362,91.858
0.768,1.375,-0.715,-54.504,-142.578,74.707
0.570,1.372,-0.809,-49.500,-158.752,47.974
0.505,1.312,-0.835,-51.270,-167.053,38.330
0.283,1.350,-0.916,-52.551,-174.866,31.738
0.208,1.381,-0.938,-56.152,-174.011,39.307
0.444,1.437,-1.061,-65.674,-154.053,72.998
0.638,1.409,-1.034,-74.829,-144.104,85.083
0.939,1.392,-0.971,-90.576,-138.489,83.679
1.008,1.363,-0.914,-98.511,-141.785,72.449
0.940,1.296,-0.835,-104.370,-155.518,40.771
0.870,1.221,-0.751,-105.225,-162.109,26.794
0.697,1.187,-0.821,-102.234,-169.189,4.089
0.573,1.201,-0.915,-103.699,-171.265,-2.441
0.327,1.258,-1.062,-115.540,-157.227,7.141
0.280,1.317,-1.055,-124.451,-141.113,23.071
0.423,1.269,-1.002,-143.921,-107.788,56.274
0.543,1.251,-0.932,-152.954,-96.313,66.284
0.671,1.247,-0.839,-161.499,-77.820,73.181
0.832,1.182,-0.696,-162.598,-71.899,70.435
0.873,1.182,-0.681,-162.109,-69.458,64.819
0.915,1.195,-0.686,-163.147,-66.284,52.673
0.913,1.192,-0.693,-164.307,-62.500,46.753
0.901,1.139,-0.643,-166.504,-50.842,40.100
0.909,1.111,-0.678,-167.725,-45.471,38.086
0.896,1.057,-0.663,-170.654,-40.771,27.527
0.920,1.001,-0.631,-173.401,-38.208,22.949
0.897,0.956,-0.541,-171.509,-32.715,11.108
0.861,0.922,-0.459,-168.518,-31.921,2.563
0.736,0.873,-0.370,-158.081,-39.856,-11.536
0.658,0.879,-0.354,-150.208,-44.250,-15.320
0.618,0.750,-0.362,-137.207,-47.546,-14.343
0.578,0.914,-0.497,-126.465,-44.250,-10.925
0.595,0.884,-0.560,-123.108,-30.273,3.357
0.616,0.910,-0.625,-118.774,-19.775,8.362
0.571,0.908,-0.595,-122.131,-2.075,17.944
0.587,0.888,-0.591,-124.695,10.864,25.452
0.597,0.894,-0.493,-128.662,40.649,39.978
0.642,0.876,-0.457,-131.958,57.434,47.424
0.700,0.859,-0.388,-136.169,75.806,51.025
0.788,0.741,-0.139,-135.010,80.139,49.011
0.815,0.720,-0.071,-131.958,83.496,44.556
0.845,0.677,-0.024,-118.774,90.759,33.325
0.829,0.661,-0.015,-113.647,91.370,24.414
0.725,0.631,-0.020,-104.675,95.764,7.935
0.627,0.626,-0.016,-100.403,100.159,1.770
0.490,0.615,0.010,-94.177,108.826,-2.014
0.431,0.588,0.038,-90.942,112.671,-2.197
0.406,0.558,0.079,-81.604,116.882,-1.099
0.381,0.516,0.075,-76.294,118.958,-1.587
0.445,0.511,0.038,-71.106,119.019,-3.418
0.513,0.460,0.029,-63.782,113.281,-17.151
0.493,0.438,0.009,-58.350,112.854,-24.658
0.386,0.359,0.061,-51.575,110.535,-38.147
0.343,0.327,0.072,-46.631,113.220,-43.579
0.187,0.271,0.064,-36.987,116.821,-48.706
0.106,0.277,0.048,-33.752,120.605,-46.753
0.035,0.267,0.029,-28.381,132.996,-32.837
-0.013,0.235,0.040,-25.574,146.973,-21.912
-0.032,0.211,0.066,-23.071,161.255,-12.939
-0.010,0.148,0.101,-16.479,174.255,2.441
0.019,0.125,0.105,-12.817,175.903,5.737
0.024,0.063,0.161,-4.456,168.762,4.028
-0.018,0.029,0.231,1.099,164.307,2.014
-0.059,0.031,0.271,15.808,156.128,1.953
-0.050,0.050,0.277,22.827,150.818,3.235
-0.047,0.112,0.248,27.710,144.958,3.784
-0.039,0.177,0.216,34.180,135.559,4.639
-0.031,0.231,0.209,35.950,134.644,6.348
-0.056,0.292,0.214,37.964,135.132,12.695
-0.001,0.350,0.219,38.208,139.648,21.179
0.055,0.368,0.229,38.635,144.409,28.015
0.159,0.329,0.295,39.063,144.104,30.273
0.176,0.311,0.349,40.894,138.550,25.208
0.138,0.264,0.363,49.255,117.493,11.902
0.127,0.227,0.369,54.504,103.760,4.883
0.115,0.254,0.299,60.791,88.318,-2.075
0.073,0.365,0.218,73.975,62.988,-16.724
-0.035,0.431,0.207,78.735,55.786,-19.653
-0.107,0.493,0.191,88.318,61.890,-5.859
-0.074,0.623,0.064,90.942,68.481,5.737
-0.022,0.692,-0.010,93.506,75.500,15.747
0.151,0.759,-0.106,90.942,82.642,31.372
0.260,0.770,-0.157,88.440,85.022,34.729
0.372,0.757,-0.179,84.961,86.182,30.701
0.461,0.697,-0.143,84.595,87.646,24.719
0.452,0.678,-0.179,86.731,89.233,18.188

-0.165,1.439,-1.018,-13.306,-148.010,50.476
-0.027,1.465,-1.083,-19.104,-136.719,69.702
0.401,1.448,-1.139,-37.537,-113.586,97.046
0.591,1.417,-1.135,-46.387,-104.004,100.159
0.737,1.337,-0.974,-68.359,-99.243,78.918
0.705,1.276,-0.840,-74.829,-103.577,63.904
0.561,1.159,-0.627,-75.195,-118.408,35.645
0.467,1.156,-0.609,-71.167,-126.892,24.841
0.382,1.125,-0.655,-67.688,-139.709,11.597
0.252,1.150,-0.792,-66.101,-144.531,9.155
0.138,1.152,-0.829,-66.956,-145.264,9.705
-0.030,1.184,-0.885,-73.181,-136.597,23.193
-0.056,1.235,-0.909,-78.369,-135.010,34.668
0.173,1.220,-0.950,-86.975,-138.184,56.702
0.303,1.214,-0.949,-91.614,-140.015,61.768
0.450,1.172,-0.886,-98.999,-136.963,63.965
0.473,1.170,-0.882,-100.220,-135.925,61.096
0.529,1.152,-0.861,-103.882,-140.503,51.147
0.494,1.132,-0.895,-105.347,-143.616,44.739
0.367,1.152,-0.873,-110.840,-139.404,42.480
0.338,1.180,-0.877,-114.441,-131.409,50.171
0.483,1.191,-0.808,-123.352,-109.009,73.425
0.605,1.208,-0.762,-124.878,-97.046,82.031
0.864,1.228,-0.753,-130.066,-83.008,84.412
0.890,1.248,-0.713,-133.911,-81.360,77.942
0.836,1.228,-0.645,-138.916,-73.120,66.528
0.853,1.197,-0.653,-141.479,-64.880,65.308
0.843,1.115,-0.629,-148.926,-52.917,59.937
0.854,1.084,-0.617,-149.719,-47.363,56.824
0.803,1.042,-0.628,-151.245,-36.621,48.340
0.724,1.011,-0.603,-151.917,-30.457,44.006
0.642,0.948,-0.492,-151.245,-16.296,47.913
0.616,0.923,-0.450,-148.560,-9.705,48.340
0.540,0.912,-0.438,-140.503,0.122,48.584
0.507,0.881,-0.438,-137.085,3.906,48.523
0.549,0.900,-0.473,-132.996,8.789,51.086
0.637,0.832,-0.405,-133.423,9.949,49.011
0.647,0.794,-0.445,-128.601,13.977,47.363
0.672,0.754,-0.383,-125.916,25.269,43.396
0.643,0.768,-0.336,-122.742,29.480,40.588
0.685,0.741,-0.278,-117.920,45.654,46.814
0.748,0.757,-0.264,-116.882,56.824,48.584
0.718,0.734,-0.181,-117.554,75.439,46.143
0.682,0.705,-0.085,-116.272,84.412,45.471
0.659,0.669,-0.015,-109.802,95.520,44.617
0.652,0.658,0.020,-104.675,97.900,42.236
0.713,0.643,0.000,-100.525,94.604,37.842
0.769,0.591,0.079,-90.820,82.275,19.592
0.744,0.581,0.067,-83.801,77.026,9.766
0.738,0.589,0.014,-70.251,69.885,-3.845
0.729,0.623,-0.023,-65.735,66.467,-10.864
0.713,0.617,-0.042,-61.462,64.758,-15.747
0.655,0.640,-0.072,-56.824,67.627,-21.118
0.626,0.664,-0.089,-56.458,71.350,-22.034
0.645,0.614,-0.084,-52.612,83.435,-20.508
0.662,0.640,-0.078,-51.392,91.187,-19.592
0.715,0.621,-0.101,-48.645,103.333,-22.827
0.721,0.593,-0.081,-47.363,106.689,-26.978
0.664,0.517,0.017,-43.213,113.342,-35.461
0.618,0.463,0.049,-39.917,116.089,-39.978
0.531,0.408,0.070,-30.518,115.845,-47.485
0.508,0.372,0.077,-26.306,113.586,-52.307
0.441,0.322,0.070,-16.846,104.126,-63.354
0.250,0.302,0.125,-11.719,100.098,-65.125
0.213,0.303,0.139,-6.409,99.487,-61.951
0.198,0.320,0.069,3.967,101.868,-51.208
0.169,0.358,0.046,7.324,103.577,-45.044
0.297,0.425,-0.019,13.245,119.690,-28.809
0.370,0.426,0.002,13.000,126.953,-23.621
0.410,0.429,0.024,12.207,132.263,-22.583
0.376,0.441,0.064,15.259,142.151,-24.231
0.369,0.421,0.093,15.625,144.592,-26.550
0.322,0.357,0.130,19.653,139.099,-32.654
0.278,0.364,0.174,21.851,134.766,-36.987
0.129,0.335,0.203,30.640,126.953,-44.556
0.085,0.346,0.198,34.119,122.864,-45.105
0.033,0.334,0.185,38.208,119.019,-44.495
-0.055,0.330,0.146,43.579,109.253,-40.771
-0.084,0.354,0.112,46.509,106.140,-36.865
-0.118,0.387,0.058,46.448,105.164,-25.269
-0.108,0.403,0.038,45.166,106.628,-18.127
-0.089,0.407,0.060,41.138,109.131,-7.324
-0.056,0.401,0.080,42.603,109.924,-3.357
-0.021,0.396,0.075,48.950,109.802,2.991
0.007,0.393,0.073,52.246,107.666,4.639
0.040,0.399,0.057,55.786,105.774,5.920
0.038,0.416,-0.019,63.965,106.140,5.432
0.012,0.428,-0.072,65.308,109.375,8.118
-0.021,0.456,-0.115,66.528,116.394,12.390
-0.101,0.510,-0.209,62.256,132.019,25.085
-0.140,0.586,-0.252,59.875,144.470,34.546
-0.203,0.646,-0.350,50.354,174.194,60.547
-0.250,0.700,-0.339,41.931,185.059,73.181
-0.185,0.694,-0.267,30.823,194.824,96.375
-0.099,0.711,-0.225,25.146,191.956,104.553
0.101,0.590,-0.107,20.569,171.509,105.469
0.193,0.587,-0.083,23.315,158.813,101.013
0.388,0.478,0.004,35.767,124.329,82.520
0.425,0.472,0.008,45.654,105.103,66.162
0.436,0.486,-0.032,57.861,85.083,48.523
0.350,0.587,-0.198,76.904,52.795,16.479
0.247,0.680,-0.250,83.252,45.471,6.348
0.118,0.748,-0.334,85.205,53.711,6.165
-0.059,0.808,-0.419,81.299,63.904,13.916
-0.080,0.842,-0.453,78.064,70.496,23.254
-0.047,0.840,-0.466,68.237,72.998,39.856
0.025,0.824,-0.486,65.857,65.918,44.250
0.210,0.765,-0.459,61.157,47.791,44.189
0.267,0.765,-0.463,62.561,37.659,39.368
0.316,0.753,-0.485,63.171,26.306,30.334
0.320,0.776,-0.502,68.298,4.333,8.301
0.241,0.792,-0.517,69.946,-3.418,-2.502
0.136,0.834,-0.505,73.547,-5.615,-11.353
-0.099,0.912,-0.602,73.303,-3.906,-8.972
-0.167,0.933,-0.623,72.388,-1.831,-3.967
-0.188,0.902,-0.668,66.101,-6.897,6.226
-0.189,0.889,-0.667,64.392,-10.681,10.254
-0.183,0.829,-0.690,65.247,-9.949,22.156
-0.162,0.863,-0.685,65.857,-8.240,27.466

0.458,1.262,-0.988,15.625,-2.075,113.464
0.625,1.320,-1.029,7.019,7.446,107.422
0.638,1.328,-0.980,-4.822,9.338,92.590
0.353,1.234,-0.667,-25.146,4.517,60.669
0.170,1.185,-0.536,-27.954,-0.793,51.575
-0.103,1.047,-0.281,-23.560,-13.489,44.128
-0.221,0.978,-0.213,-15.259,-23.437,42.969
-0.358,0.938,-0.286,2.502,-47.852,48.706
-0.336,0.964,-0.355,10.803,-62.256,50.964
-0.379,1.027,-0.442,16.418,-81.299,49.377
-0.310,1.201,-0.604,18.127,-112.427,65.613
-0.021,1.207,-0.640,16.541,-113.098,85.144
0.503,1.296,-0.750,8.667,-95.032,103.882
0.657,1.343,-0.805,-0.183,-91.919,98.938
0.726,1.297,-0.680,-17.578,-107.544,70.984
0.618,1.286,-0.597,-21.851,-115.417,56.458
0.441,1.283,-0.601,-20.325,-131.104,40.100
0.388,1.305,-0.630,-19.470,-142.883,35.156
0.224,1.183,-0.582,-25.696,-164.185,31.250
0.325,1.401,-0.788,-19.226,-170.776,31.677
0.270,1.407,-0.917,-33.752,-160.889,30.762
0.229,1.507,-0.943,-39.978,-159.729,32.349
0.288,1.524,-0.823,-59.753,-163.879,50.415
0.524,1.537,-0.834,-65.186,-157.043,64.392
0.839,1.494,-0.758,-76.172,-153.687,67.261
0.903,1.468,-0.709,-78.979,-158.813,57.983
0.874,1.414,-0.664,-81.665,-171.753,35.767
0.717,1.406,-0.639,-81.726,-174.744,29.785
0.643,1.383,-0.666,-79.895,-174.683,27.466
0.645,1.369,-0.772,-78.430,-183.228,24.475
0.621,1.417,-0.838,-81.116,-191.040,21.973
0.708,1.492,-0.946,-90.820,-187.195,35.645
0.892,1.549,-0.996,-99.243,-172.546,51.208
1.261,1.522,-1.002,-124.084,-141.113,63.782
1.332,1.477,-0.926,-135.376,-130.066,57.373
1.253,1.378,-0.746,-154.968,-123.962,33.081
1.144,1.372,-0.674,-159.180,-123.169,24.109
1.045,1.311,-0.638,-165.161,-117.432,18.555
1.095,1.298,-0.611,-169.189,-112.854,19.470
1.243,1.254,-0.517,-172.729,-101.685,19.531
1.319,1.223,-0.435,-172.668,-93.384,18.921
1.400,1.223,-0.321,-169.922,-73.669,10.071
1.414,1.194,-0.278,-166.809,-70.129,0.244
1.258,1.149,-0.216,-162.231,-74.951,-23.987
1.159,1.116,-0.224,-156.677,-75.806,-33.447
1.016,1.071,-0.296,-148.926,-78.186,-44.006
0.970,1.022,-0.290,-144.775,-81.055,-46.814
0.948,0.967,-0.398,-132.751,-81.665,-47.668
0.905,0.974,-0.489,-127.319,-78.369,-46.936
0.882,0.927,-0.592,-123.840,-65.674,-42.664
0.883,0.931,-0.677,-123.901,-57.007,-42.664
0.654,0.905,-0.798,-130.615,-37.537,-40.955
0.508,0.895,-0.806,-134.888,-17.273,-32.349
0.457,0.834,-0.775,-150.574,16.052,-10.925
0.418,0.770,-0.717,-155.457,28.931,-3.174
0.433,0.708,-0.542,-160.583,41.199,11.597
0.462,0.692,-0.430,-158.997,45.288,17.883
0.602,0.658,-0.287,-152.588,59.265,33.142
0.690,0.656,-0.242,-148.132,69.031,39.246
0.741,0.611,-0.109,-136.902,83.557,40.161
0.738,0.615,-0.109,-132.263,87.952,37.170
0.768,0.593,-0.097,-130.188,84.534,20.203
0.708,0.550,0.019,-127.991,79.468,9.827
0.628,0.521,0.138,-123.596,77.576,2.563
0.567,0.505,0.189,-107.117,75.195,-1.892
0.625,0.498,0.211,-98.083,72.266,-3.967
0.688,0.515,0.173,-79.163,65.491,-12.146
0.687,0.532,0.138,-72.510,66.040,-14.465
0.707,0.510,0.103,-62.378,67.993,-20.386
0.697,0.457,0.089,-56.946,69.397,-24.780
0.661,0.441,0.089,-53.284,68.665,-31.555
0.496,0.407,0.053,-47.791,69.275,-42.053
0.465,0.394,0.033,-45.715,71.472,-44.067
0.355,0.361,0.096,-42.297,75.623,-44.006
0.308,0.343,0.122,-40.588,78.430,-42.358
0.266,0.317,0.131,-36.926,83.862,-36.987
0.312,0.293,0.157,-27.100,109.009,-20.264
0.306,0.275,0.159,-23.315,119.324,-13.184
0.259,0.211,0.258,-16.418,137.329,-4.150
0.249,0.171,0.300,-11.597,143.127,0.061
0.226,0.066,0.449,1.892,151.245,7.629
0.208,0.027,0.468,10.498,153.015,9.827
0.182,0.054,0.467,21.057,154.114,10.803
0.150,0.057,0.456,37.964,145.325,11.047
0.148,0.087,0.403,46.448,140.808,10.010
0.166,0.143,0.330,53.650,130.432,9.583
0.154,0.228,0.244,54.565,123.840,6.470
0.155,0.274,0.224,54.077,119.568,5.493
0.177,0.353,0.206,51.575,121.826,7.507
0.194,0.380,0.228,50.293,126.404,9.644
0.183,0.408,0.238,48.706,131.836,11.658
0.167,0.444,0.243,43.640,138.123,14.771
0.157,0.476,0.237,42.847,139.221,16.113
0.101,0.479,0.256,36.926,128.845,18.127
0.069,0.469,0.297,32.288,121.094,17.944
0.040,0.451,0.375,29.419,111.023,17.273
0.066,0.469,0.377,36.133,98.572,21.973
0.094,0.456,0.357,38.879,89.722,20.630
0.145,0.479,0.332,43.579,80.994,17.334
0.195,0.515,0.216,49.133,72.266,9.277
0.145,0.535,0.178,52.612,75.134,5.981
0.128,0.566,0.134,52.246,91.125,10.254
0.085,0.594,0.072,51.392,97.778,14.526
0.043,0.589,0.071,50.293,99.854,16.846
0.030,0.526,0.082,52.856,97.290,22.522
0.047,0.481,0.127,56.946,91.492,23.315
0.064,0.465,0.153,64.148,82.764,22.156
0.119,0.518,0.046,82.336,64.697,16.907
0.139,0.544,-0.019,88.196,54.993,12.573
0.135,0.579,-0.105,95.764,46.204,2.625
0.042,0.676,-0.225,96.802,48.035,2.808
0.011,0.672,-0.266,97.961,52.124,4.761
-0.051,0.749,-0.412,94.299,63.293,13.611
-0.010,0.745,-0.432,90.454,66.833,20.020
0.028,0.746,-0.467,85.754,69.885,25.208
0.069,0.691,-0.425,81.055,66.223,31.311
0.132,0.660,-0.423,80.200,59.265,31.067
0.178,0.673,-0.463,82.458,36.560,18.982
0.201,0.675,-0.492,82.458,24.963,10.010

0.105,1.435,-0.968,37.354,-39.917,33.813
0.099,1.428,-0.958,28.809,-42.175,28.259
0.027,1.376,-0.944,22.827,-47.546,21.912
-0.131,1.310,-0.936,16.663,-56.885,14.771
-0.202,1.286,-0.978,15.320,-59.937,15.076
-0.373,1.255,-1.061,13.611,-73.669,12.146
-0.460,1.258,-1.095,10.803,-85.327,7.690
-0.664,1.229,-1.041,2.258,-105.469,7.690
-0.763,1.209,-1.010,-1.160,-109.558,13.489
-0.891,1.261,-0.989,-6.714,-113.037,40.527
-0.797,1.350,-1.099,-8.423,-115.906,59.082
-0.486,1.365,-1.143,-22.766,-130.676,82.703
-0.342,1.326,-1.074,-29.907,-131.958,91.736
-0.121,1.250,-0.937,-38.818,-135.254,97.473
-0.060,1.220,-0.858,-39.978,-142.578,92.163
-0.134,1.182,-0.752,-38.940,-168.762,71.472
-0.244,1.217,-0.772,-35.706,-182.068,62.622
-0.354,1.332,-0.822,-34.851,-209.473,65.857
-0.246,1.390,-0.911,-35.950,-214.905,78.491
0.223,1.484,-1.073,-43.457,-206.055,112.183
0.465,1.521,-1.171,-49.438,-195.129,122.925
0.780,1.554,-1.197,-70.557,-179.810,124.878
0.872,1.532,-1.195,-80.322,-175.842,117.798
0.936,1.528,-1.157,-98.083,-170.837,93.811
0.861,1.499,-1.129,-108.276,-170.105,82.031
0.698,1.479,-1.002,-122.986,-167.053,71.411
0.744,1.479,-0.980,-127.136,-164.917,74.707
1.113,1.422,-0.953,-134.033,-153.809,85.510
1.260,1.442,-0.983,-134.094,-141.113,86.182
1.431,1.454,-1.000,-146.729,-118.530,77.271
1.458,1.425,-0.922,-155.090,-107.178,69.519
1.411,1.333,-0.776,-168.152,-88.196,50.842
1.339,1.311,-0.691,-172.729,-85.022,38.879
1.181,1.180,-0.545,-172.913,-88.440,18.066
1.130,1.019,-0.534,-169.495,-90.820,8.057
0.863,0.972,-0.564,-157.104,-89.539,-5.737
0.884,0.967,-0.612,-154.175,-78.918,4.272
0.852,0.882,-0.626,-147.705,-64.026,4.272
0.701,0.816,-0.634,-147.400,-60.486,4.028
0.640,0.838,-0.596,-146.240,-52.185,6.653
0.570,0.785,-0.549,-140.808,-32.776,17.639
0.601,0.742,-0.519,-139.099,-25.452,22.339
0.681,0.732,-0.443,-133.545,-23.804,25.146
0.704,0.692,-0.348,-132.935,-24.963,23.071
0.717,0.646,-0.254,-122.437,-16.846,21.667
0.709,0.652,-0.270,-117.126,-10.315,22.705
0.764,0.646,-0.257,-111.572,7.263,28.503
0.832,0.659,-0.265,-110.718,16.907,29.907
0.780,0.626,-0.248,-107.971,34.668,25.635
0.754,0.624,-0.218,-106.995,42.053,24.902
0.715,0.619,-0.151,-104.126,54.932,24.475
0.747,0.587,-0.098,-100.586,58.838,23.437
0.781,0.560,-0.058,-95.398,59.143,20.325
0.803,0.584,-0.033,-81.360,48.584,2.197
0.762,0.619,-0.055,-74.280,41.260,-8.606
0.712,0.606,-0.110,-64.392,30.212,-23.071
0.704,0.644,-0.188,-60.364,30.090,-28.625
0.649,0.681,-0.372,-56.763,40.649,-29.480
0.667,0.716,-0.461,-59.692,52.734,-26.672
0.703,0.718,-0.538,-70.923,77.087,-22.583
0.686,0.681,-0.522,-76.599,87.097,-22.461
0.655,0.662,-0.482,-80.933,94.849,-24.109
0.586,0.638,-0.435,-88.074,107.361,-26.978
0.547,0.614,-0.393,-89.600,109.619,-28.442
0.561,0.469,-0.319,-88.989,113.220,-31.799
0.540,0.469,-0.289,-85.144,112.976,-35.767
0.428,0.400,-0.229,-78.247,112.549,-45.166
0.340,0.407,-0.185,-75.378,110.474,-49.561
0.247,0.412,-0.152,-65.918,109.314,-46.387
0.256,0.411,-0.133,-61.462,109.741,-41.748
0.340,0.410,-0.184,-55.115,111.938,-34.729
0.409,0.419,-0.217,-52.917,112.732,-33.997
0.457,0.339,-0.192,-53.589,113.281,-39.185
0.427,0.331,-0.129,-53.894,116.028,-42.236
0.326,0.316,-0.044,-51.636,127.258,-45.898
0.258,0.274,0.052,-50.476,129.028,-48.584
0.107,0.229,0.224,-45.166,127.686,-54.016
0.008,0.222,0.284,-41.260,122.681,-56.946
-0.102,0.229,0.327,-31.067,114.624,-55.725
-0.200,0.194,0.453,-25.085,111.816,-48.401
-0.167,0.204,0.473,-16.663,114.075,-39.551
-0.086,0.189,0.429,0.061,124.817,-22.705
-0.085,0.206,0.414,6.348,129.028,-18.799
-0.166,0.254,0.436,17.822,131.165,-12.756
-0.213,0.290,0.466,21.240,131.897,-8.728
-0.194,0.294,0.549,32.166,129.700,-1.526
-0.182,0.317,0.564,39.734,127.502,1.038
-0.173,0.333,0.534,53.040,121.277,4.883
-0.152,0.364,0.552,59.509,117.676,5.798
-0.129,0.388,0.514,65.674,115.601,8.301
0.010,0.375,0.402,77.454,115.112,13.733
0.073,0.405,0.311,81.055,112.305,13.000
0.159,0.432,0.215,81.726,109.253,10.010
0.133,0.484,0.176,77.271,104.980,-4.761
0.033,0.515,0.225,74.890,105.469,-11.108
-0.131,0.558,0.280,74.829,111.023,-7.935
-0.164,0.592,0.278,76.782,111.328,-6.592
-0.268,0.575,0.316,79.285,100.281,-5.493
-0.279,0.531,0.309,83.496,94.727,-1.526
-0.274,0.551,0.248,88.013,89.355,2.991
-0.124,0.538,0.029,96.863,80.383,13.062
-0.048,0.522,-0.040,100.220,76.843,16.235
0.069,0.549,-0.178,105.591,73.303,14.954
0.078,0.561,-0.222,106.567,71.350,12.756
0.037,0.614,-0.270,107.605,70.862,9.155
-0.069,0.703,-0.279,106.934,71.777,6.226
-0.132,0.734,-0.290,105.652,72.205,6.958
-0.179,0.767,-0.339,102.600,69.702,11.475
-0.185,0.780,-0.342,101.318,65.613,12.390
-0.179,0.710,-0.340,97.351,51.331,13.000
-0.153,0.698,-0.328,97.961,42.786,12.329
-0.118,0.665,-0.365,99.304,34.546,12.573
0.046,0.653,-0.547,104.919,23.865,12.329
0.099,0.677,-0.648,105.835,20.203,7.690
0.131,0.664,-0.844,102.966,13.794,-8.606
0.091,0.661,-0.874,98.999,10.864,-18.188
-0.141,0.694,-0.898,93.506,11.963,-34.424
-0.298,0.681,-0.877,89.783,12.939,-38.452
-0.439,0.670,-0.833,87.158,13.123,-38.025

-0.609,0.948,-0.963,52.917,-18.494,32.715
-0.612,1.030,-0.977,49.866,-25.574,40.283
-0.544,1.053,-0.981,45.715,-42.664,55.664
-0.254,1.075,-1.063,43.640,-45.593,60.974
-0.140,1.104,-1.120,41.748,-43.030,64.636
0.013,1.124,-1.122,29.541,-33.264,61.096
-0.020,1.087,-1.066,21.545,-32.166,53.528
-0.112,1.012,-0.944,9.338,-35.034,40.588
-0.191,0.916,-0.847,6.042,-40.100,33.081
-0.391,0.828,-0.602,5.737,-51.697,23.132
-0.517,0.825,-0.641,12.756,-57.007,21.179
-0.646,0.926,-0.637,20.935,-72.876,28.442
-0.846,1.223,-0.660,19.653,-78.430,43.762
-0.733,1.252,-0.729,19.714,-79.773,67.322
-0.150,1.307,-0.858,17.334,-66.711,115.234
0.151,1.302,-0.906,13.306,-60.669,123.718
0.467,1.283,-0.916,0.977,-63.660,104.431
0.391,1.261,-0.814,-6.226,-69.458,85.510
0.118,1.225,-0.668,-9.827,-76.294,57.373
0.011,1.177,-0.649,-11.536,-81.421,48.889
-0.120,1.171,-0.663,-8.179,-93.445,42.542
-0.317,1.152,-0.690,-7.141,-100.708,43.579
-0.372,1.143,-0.703,-5.188,-107.849,47.729
-0.387,1.125,-0.740,-0.427,-116.638,58.167
-0.415,1.155,-0.795,0.793,-119.141,63.538
-0.400,1.073,-0.873,-6.104,-128.113,77.087
-0.338,1.082,-0.756,-14.709,-137.207,79.590
-0.250,1.163,-0.956,-21.118,-131.226,89.172
-0.244,1.115,-0.827,-29.541,-136.658,91.248
-0.283,1.108,-0.808,-28.687,-142.334,94.971
-0.240,1.206,-0.797,-29.602,-154.785,97.961
0.143,1.263,-0.862,-28.625,-167.114,114.563
0.400,1.284,-0.918,-26.428,-159.912,123.047
0.794,1.360,-1.085,-30.701,-144.531,116.821
0.882,1.373,-1.126,-38.269,-141.968,102.173
0.593,1.365,-1.024,-56.274,-146.362,61.401
0.405,1.305,-0.907,-63.354,-148.071,49.316
0.172,1.278,-0.852,-65.308,-152.527,42.786
0.106,1.246,-0.885,-64.209,-158.630,41.504
-0.055,1.230,-0.961,-65.796,-169.434,47.363
-0.060,1.255,-1.004,-69.031,-169.128,58.838
0.221,1.265,-1.031,-77.637,-160.156,89.172
0.403,1.230,-1.039,-83.679,-154.236,98.389
0.721,1.275,-1.132,-97.473,-153.748,94.727
0.767,1.296,-1.116,-106.873,-157.654,83.008
0.643,1.259,-0.995,-119.507,-163.147,62.134
0.536,1.240,-0.920,-123.779,-164.673,58.105
0.540,1.245,-0.878,-127.136,-166.565,61.951
0.653,1.250,-0.919,-126.038,-162.537,68.359
0.885,1.337,-1.057,-129.456,-148.804,74.036
0.951,1.353,-1.059,-135.254,-140.991,74.341
1.111,1.343,-1.031,-149.475,-123.535,66.956
1.115,1.323,-0.998,-157.593,-119.446,57.190
0.960,1.275,-0.902,-165.710,-115.845,34.668
0.858,1.255,-0.870,-167.786,-113.037,26.978
0.686,1.152,-0.818,-174.866,-105.652,18.677
0.604,1.085,-0.791,-175.415,-98.389,19.409
0.510,1.028,-0.792,-178.406,-85.327,25.391
0.475,0.970,-0.752,-181.396,-76.355,31.372
0.503,0.947,-0.679,-183.838,-48.401,48.523
0.532,0.911,-0.656,-184.143,-37.903,53.772
0.588,0.787,-0.436,-185.974,-31.860,56.641
0.634,0.890,-0.508,-179.138,-25.452,59.875
0.677,0.784,-0.428,-180.786,-11.658,59.509
0.650,0.756,-0.352,-177.979,-6.775,57.617
0.643,0.661,-0.093,-171.448,-2.991,54.749
0.647,0.606,-0.036,-162.476,0.488,54.138
0.621,0.542,0.096,-144.104,4.272,51.331
0.594,0.552,0.128,-132.324,7.324,49.927
0.559,0.523,0.143,-119.995,10.254,49.866
0.440,0.509,0.255,-101.440,24.109,56.519
0.405,0.501,0.273,-91.187,35.034,65.002
0.477,0.525,0.257,-73.120,60.974,80.261
0.552,0.555,0.200,-67.322,72.083,83.069
0.627,0.586,0.164,-65.308,81.970,83.069
0.794,0.578,0.135,-60.608,104.553,78.979
0.870,0.600,0.124,-58.655,114.502,74.585
0.885,0.551,0.143,-52.368,122.498,56.641
0.877,0.559,0.131,-48.218,127.502,48.584
0.872,0.556,0.123,-40.649,136.047,32.104
0.812,0.502,0.106,-36.316,137.817,22.827
0.744,0.470,0.123,-33.875,136.902,12.268
0.633,0.431,0.105,-26.611,135.986,-1.892
0.682,0.437,0.032,-23.743,137.939,-6.897
0.639,0.377,0.059,-25.696,134.583,-25.696
0.576,0.348,0.090,-24.780,137.268,-33.264
0.450,0.275,0.133,-22.522,146.851,-37.476
0.438,0.235,0.156,-18.616,154.480,-37.537
0.390,0.183,0.188,-14.893,162.537,-37.354
0.235,0.131,0.288,-4.883,174.011,-33.630
0.173,0.160,0.271,3.662,180.237,-29.297
0.085,0.173,0.301,17.761,187.195,-14.160
0.115,0.154,0.318,24.170,190.308,-5.615
0.225,0.123,0.319,38.940,187.012,2.686
0.275,0.142,0.248,44.861,183.044,1.831
0.334,0.213,0.170,48.462,178.772,-3.052
0.271,0.246,0.136,47.913,162.415,-18.311
0.214,0.252,0.158,46.997,157.837,-23.193
0.157,0.282,0.112,44.800,158.630,-17.883
0.167,0.334,0.069,43.945,158.752,-15.381
0.159,0.327,0.111,42.542,155.273,-13.855
0.097,0.337,0.159,43.030,144.043,-14.404
0.066,0.291,0.215,44.678,138.000,-15.442
-0.047,0.317,0.241,57.800,120.728,-17.273
-0.028,0.331,0.195,64.514,109.619,-14.526
0.001,0.396,0.087,72.571,93.018,-10.254
0.031,0.432,0.053,75.439,84.351,-8.423
0.060,0.447,0.021,76.599,76.965,-7.935
0.168,0.463,-0.082,79.651,74.829,-4.639
0.212,0.499,-0.126,78.430,75.928,-4.578
0.223,0.518,-0.158,78.247,78.369,-5.493
0.199,0.567,-0.208,75.867,77.209,-10.681
0.174,0.561,-0.226,74.707,74.524,-12.756
0.154,0.573,-0.212,72.693,67.261,-15.625
0.136,0.585,-0.213,72.632,65.002,-18.372
0.098,0.596,-0.289,77.026,63.721,-20.630
0.038,0.584,-0.323,79.041,63.538,-21.606
-0.014,0.596,-0.350,79.468,64.087,-18.616
-0.001,0.636,-0.513,79.224,69.275,-7.141

-0.747,0.942,-0.823,61.462,-30.762,-31.006
-0.809,0.924,-0.823,60.608,-24.231,-16.113
-0.728,0.940,-0.854,59.143,-6.531,19.714
-0.616,0.979,-0.879,55.786,-0.549,33.447
-0.537,1.001,-0.855,52.979,0.671,42.603
-0.353,1.049,-0.870,43.884,-1.404,49.988
-0.291,1.051,-0.851,40.161,-8.240,47.241
-0.293,1.057,-0.868,32.043,-15.564,42.114
-0.314,1.067,-0.887,28.931,-18.066,42.053
-0.407,1.046,-0.875,22.705,-18.738,43.518
-0.433,1.032,-0.898,18.738,-15.625,48.828
-0.456,1.049,-0.916,11.353,-9.094,60.486
-0.414,1.085,-0.959,6.287,-7.202,66.223
-0.400,1.139,-0.958,2.869,-7.751,68.665
-0.458,1.281,-0.961,-12.451,-10.620,73.120
-0.516,1.277,-0.900,-21.423,-10.254,78.369
-0.620,1.255,-0.729,-33.203,-6.836,98.755
-0.602,1.265,-0.706,-36.865,-5.066,110.657
-0.412,1.204,-0.617,-43.884,-18.677,125.488
-0.317,1.135,-0.511,-44.678,-32.654,123.962
-0.249,1.064,-0.405,-33.875,-58.960,115.601
-0.205,1.038,-0.398,-26.306,-68.604,112.793
-0.148,1.156,-0.598,-12.268,-84.717,107.666
-0.090,1.298,-0.771,-10.620,-92.712,108.582
0.156,1.343,-0.912,-18.860,-102.844,112.915
0.270,1.327,-0.879,-25.818,-99.121,117.554
0.516,1.373,-0.702,-38.696,-103.760,115.295
0.552,1.353,-0.888,-35.217,-94.849,105.591
0.495,1.232,-0.522,-44.922,-100.403,84.106
0.434,1.229,-0.569,-38.513,-100.098,73.120
0.313,1.216,-0.537,-36.987,-105.286,62.073
0.289,1.185,-0.560,-35.583,-109.924,58.960
0.188,1.224,-0.555,-32.166,-121.521,53.406
0.166,1.259,-0.583,-32.227,-132.690,57.190
0.359,1.333,-0.808,-34.363,-135.132,81.604
0.529,1.344,-0.895,-39.307,-128.845,94.299
0.681,1.369,-0.930,-51.392,-114.807,105.164
0.977,1.300,-0.903,-55.664,-110.229,98.450
1.006,1.274,-0.866,-69.885,-132.568,63.660
0.907,1.204,-0.770,-74.951,-148.193,46.814
0.817,1.178,-0.714,-78.369,-159.668,34.363
0.649,1.176,-0.749,-81.360,-166.016,21.729
0.591,1.136,-0.738,-84.900,-167.908,19.775
0.452,1.091,-0.759,-91.064,-163.452,24.597
0.416,1.091,-0.775,-91.675,-153.931,32.227
0.324,1.093,-0.864,-100.220,-147.888,41.931
0.331,1.119,-0.894,-105.225,-148.376,51.392
0.625,1.181,-0.874,-115.295,-129.578,80.261
0.813,1.145,-0.833,-121.582,-121.155,89.661
1.050,1.148,-0.694,-131.287,-109.314,82.397
1.096,1.123,-0.604,-134.033,-111.389,70.374
1.059,1.141,-0.510,-136.536,-120.789,43.945
0.984,1.158,-0.494,-137.451,-125.793,33.386
1.064,1.159,-0.459,-141.479,-127.869,32.593
1.152,1.191,-0.531,-140.564,-119.385,34.058
1.250,1.245,-0.699,-148.560,-96.497,32.593
1.294,1.238,-0.732,-156.006,-79.773,32.654
1.244,1.183,-0.743,-171.631,-38.696,35.950
1.181,1.127,-0.719,-179.687,-19.897,35.156
1.087,1.045,-0.505,-194.702,3.784,32.654
1.081,0.963,-0.396,-195.557,8.911,27.954
0.969,0.874,-0.288,-188.599,10.071,13.672
0.912,0.836,-0.242,-184.509,10.437,10.864
0.906,0.765,-0.220,-172.119,15.503,7.385
0.904,0.783,-0.196,-166.321,15.198,4.333
0.867,0.745,-0.235,-160.461,15.137,-1.526
0.754,0.707,-0.186,-151.428,12.024,-9.338
0.679,0.687,-0.138,-147.095,11.963,-11.230
0.562,0.731,-0.138,-136.841,11.963,-12.146
0.498,0.755,-0.127,-134.460,9.705,-12.024
0.477,0.766,-0.098,-126.282,12.329,-5.432
0.503,0.751,-0.079,-123.657,17.456,-0.488
0.580,0.746,-0.050,-117.676,31.799,8.789
0.613,0.703,-0.039,-115.906,41.565,13.489
0.676,0.700,0.013,-111.572,65.918,22.156
0.703,0.671,0.023,-108.765,77.148,24.536
0.750,0.656,0.062,-106.445,86.914,25.635
0.737,0.655,0.030,-103.027,101.563,18.433
0.740,0.634,0.045,-102.966,103.088,12.451
0.594,0.580,0.180,-99.915,98.877,-2.747
0.528,0.634,0.205,-95.825,100.891,-4.578
0.539,0.615,0.239,-87.402,107.300,1.282
0.629,0.577,0.247,-83.923,114.929,7.019
0.681,0.588,0.260,-79.102,122.986,10.803
0.713,0.527,0.269,-67.078,136.414,11.230
0.775,0.488,0.267,-61.523,142.761,10.803
0.873,0.446,0.200,-50.293,154.175,0.305
0.814,0.461,0.160,-44.922,155.151,-10.498
0.727,0.412,0.185,-41.687,146.423,-32.410
0.506,0.359,0.298,-36.926,141.785,-39.185
0.444,0.320,0.356,-30.518,138.611,-42.297
0.420,0.278,0.330,-12.817,128.174,-46.570
0.396,0.303,0.300,-4.211,120.972,-50.293
0.344,0.308,0.235,9.033,106.201,-54.565
0.333,0.334,0.180,15.137,99.426,-55.298
0.334,0.287,0.153,20.081,85.266,-59.143
0.392,0.211,0.191,23.254,92.651,-58.655
0.370,0.254,0.123,28.137,107.239,-56.091
0.248,0.318,-0.026,30.151,120.911,-55.969
0.181,0.324,-0.012,28.076,122.131,-56.458
0.043,0.271,0.039,26.245,124.512,-49.805
0.006,0.257,0.044,27.649,128.296,-43.152
-0.021,0.264,0.050,30.457,126.770,-34.485
-0.145,0.279,0.056,32.959,121.338,-30.457
-0.157,0.295,0.048,31.982,113.220,-27.283
-0.153,0.287,0.062,30.396,89.844,-23.865
-0.108,0.302,0.071,32.227,80.994,-23.315
-0.044,0.301,0.060,35.217,75.012,-17.151
-0.062,0.331,0.048,37.109,79.529,-12.817
-0.112,0.431,0.018,38.940,100.403,1.892
-0.104,0.449,-0.003,39.551,111.938,11.719
-0.083,0.485,-0.002,39.917,121.338,22.095
0.013,0.414,0.078,41.504,123.108,34.241
0.053,0.390,0.090,43.762,114.624,32.898
0.107,0.364,0.048,53.772,87.585,22.400
0.122,0.380,-0.012,58.533,70.679,13.000
0.138,0.410,-0.022,61.584,51.208,1.038
0.075,0.456,-0.062,67.261,31.494,-17.029
-0.006,0.498,-0.105,69.702,33.630,-18.677

-0.404,1.243,-0.953,77.209,-25.757,13.611
-0.325,1.302,-0.998,70.496,-13.611,27.161
-0.284,1.292,-0.980,49.805,6.836,47.363
-0.126,1.248,-0.861,40.649,9.827,49.561
-0.129,1.191,-0.715,33.569,3.845,45.532
-0.167,1.050,-0.526,33.569,-11.475,35.400
-0.157,1.012,-0.546,36.438,-18.555,31.555
-0.195,1.016,-0.588,45.349,-27.283,24.841
-0.241,1.001,-0.573,47.119,-35.278,19.714
-0.360,1.016,-0.534,52.490,-48.828,12.207
-0.434,1.045,-0.544,57.007,-50.171,11.780
-0.507,1.097,-0.562,59.021,-53.711,13.916
-0.703,1.220,-0.568,57.678,-62.073,25.330
-0.755,1.301,-0.641,55.786,-64.209,40.466
-0.546,1.385,-0.815,45.349,-62.073,80.444
-0.372,1.351,-0.776,35.706,-61.768,97.534
0.043,1.303,-0.753,25.635,-57.983,114.868
0.187,1.268,-0.740,22.583,-61.584,110.718
0.136,1.275,-0.691,18.005,-75.134,92.407
0.137,1.269,-0.725,17.273,-80.322,85.144
0.131,1.258,-0.725,13.855,-99.548,71.045
-0.195,1.115,-0.635,7.324,-109.863,63.293
-0.084,1.214,-0.695,16.785,-120.239,59.631
-0.078,1.172,-0.790,14.832,-113.098,62.683
-0.086,1.163,-0.737,13.428,-119.751,61.646
-0.106,1.137,-0.813,13.123,-128.479,59.509
-0.102,1.162,-0.855,10.376,-136.353,56.702
-0.098,1.154,-0.879,0.610,-149.231,52.551
-0.140,1.165,-0.862,-4.456,-150.269,54.565
-0.119,1.152,-0.829,-12.878,-148.743,68.848
-0.071,1.215,-0.852,-14.771,-147.461,78.857
0.258,1.269,-0.923,-20.691,-143.433,99.548
0.432,1.263,-0.943,-23.254,-137.634,105.530
0.742,1.290,-0.960,-29.541,-134.216,99.304
0.788,1.275,-0.909,-33.447,-139.648,84.473
0.662,1.302,-0.907,-38.269,-166.443,44.556
0.571,1.282,-0.888,-40.649,-180.298,27.771
0.419,1.188,-0.841,-39.063,-217.773,-5.066
0.283,1.251,-1.017,-33.325,-235.657,-18.982
-0.107,1.364,-1.348,-38.757,-236.328,-17.639
-0.246,1.412,-1.492,-46.753,-218.506,3.113
-0.188,1.457,-1.618,-77.942,-176.941,58.411
-0.010,1.445,-1.581,-94.604,-163.147,81.543
0.334,1.317,-1.407,-123.230,-153.748,98.572
0.404,1.252,-1.277,-131.653,-149.109,98.022
0.419,1.233,-1.141,-141.113,-146.790,91.553
0.400,1.203,-1.078,-146.790,-149.231,86.731
0.388,1.098,-0.959,-154.602,-147.278,86.670
0.435,1.102,-0.981,-156.738,-141.296,89.905
0.478,1.061,-0.926,-163.452,-123.962,94.971
0.518,1.068,-0.864,-168.457,-115.173,97.412
0.629,1.113,-0.812,-174.561,-99.731,102.295
0.672,1.103,-0.749,-175.720,-94.116,101.807
0.772,1.139,-0.646,-180.237,-80.994,97.717
0.791,1.126,-0.657,-180.664,-80.505,90.698
0.829,1.095,-0.597,-183.838,-79.712,76.172
0.802,1.118,-0.630,-183.105,-73.364,71.350
0.747,1.036,-0.546,-189.880,-61.951,65.125
0.787,1.019,-0.516,-188.965,-51.758,66.040
0.845,0.982,-0.507,-187.744,-32.715,65.613
0.852,0.980,-0.507,-185.730,-20.874,64.209
0.847,0.926,-0.456,-184.753,1.160,58.472
0.790,0.917,-0.501,-181.885,9.460,54.016
0.755,0.840,-0.421,-184.570,20.813,50.537
0.732,0.783,-0.293,-178.833,37.537,48.279
0.669,0.764,-0.253,-177.368,44.800,44.128
0.602,0.715,-0.170,-171.692,51.819,38.574
0.590,0.695,-0.098,-168.091,56.396,38.025
0.527,0.647,-0.022,-158.386,67.261,38.452
0.541,0.632,0.005,-153.503,74.646,39.551
0.528,0.559,0.105,-144.409,82.825,37.476
0.491,0.527,0.185,-136.475,84.351,33.813
0.427,0.516,0.256,-126.831,84.167,30.029
0.316,0.521,0.353,-104.980,78.735,28.564
0.290,0.570,0.351,-92.102,77.209,31.128
0.487,0.639,0.179,-70.801,74.341,36.072
0.575,0.690,0.123,-65.002,70.068,32.349
0.654,0.751,0.084,-61.279,67.505,26.794
0.738,0.753,0.017,-55.603,72.388,15.808
0.769,0.748,-0.005,-54.688,79.285,10.132
0.745,0.686,-0.001,-56.702,91.553,-2.380
0.722,0.618,0.030,-58.350,95.764,-9.094
0.629,0.586,0.070,-55.542,111.633,-17.761
0.475,0.539,0.080,-54.504,120.605,-17.273
0.404,0.542,0.078,-54.688,129.456,-17.151
0.334,0.506,0.077,-50.598,141.663,-13.245
0.365,0.476,0.069,-49.011,144.897,-12.329
0.290,0.355,0.180,-43.640,140.503,-21.423
0.258,0.343,0.220,-39.063,138.977,-24.414
0.222,0.297,0.236,-25.024,136.536,-25.146
0.217,0.302,0.230,-16.907,136.475,-24.414
0.227,0.257,0.219,-3.235,141.785,-19.592
0.251,0.219,0.204,2.930,140.564,-18.250
0.271,0.210,0.200,10.437,139.038,-19.592
0.155,0.223,0.189,22.278,130.981,-27.588
0.051,0.224,0.210,28.259,125.793,-29.968
0.053,0.280,0.155,36.316,119.873,-23.804
0.092,0.296,0.115,38.452,117.249,-21.790
0.159,0.384,0.015,37.109,108.765,-23.743
0.203,0.430,-0.003,33.997,108.582,-22.522
0.264,0.458,-0.032,30.640,111.023,-20.386
0.352,0.439,-0.013,24.048,119.141,-22.766
0.313,0.425,0.061,19.897,123.901,-26.672
0.185,0.411,0.177,20.691,140.381,-24.780
0.155,0.428,0.198,22.827,146.912,-22.278
0.113,0.418,0.268,27.649,147.461,-18.433
0.103,0.404,0.332,32.471,138.306,-20.325
0.120,0.383,0.385,39.551,127.563,-22.034
0.135,0.363,0.320,56.946,106.201,-30.884
0.118,0.415,0.268,63.293,96.252,-36.926
0.152,0.493,0.088,71.228,81.848,-41.199
0.140,0.543,0.042,69.885,77.881,-41.382
0.128,0.663,-0.025,68.787,80.200,-38.452
0.165,0.796,-0.109,59.998,97.595,-24.170
0.217,0.863,-0.143,52.734,105.713,-17.578
0.299,0.892,-0.095,36.438,112.000,-14.404
0.350,0.866,-0.059,31.921,113.159,-15.015
0.351,0.790,0.042,26.550,104.736,-24.292
0.331,0.709,0.081,28.564,97.717,-32.410
